ApplicantIncome,CoapplicantIncome,LoanAmount,Loan_Amount_Term,Credit_History,Gender,Married,Dependents,Education,Self_Employed,Property_Area,Total_Income,Loan_to_Income_Ratio,Loan_Status
17295,13547,208000,120,1,1,0,1,0,0,1,30842,6.744050320990857,0
2360,18259,161000,180,1,0,1,0,1,0,1,20619,7.808332120859402,0
78320,1763,340000,180,1,1,1,0,1,0,0,80083,4.245595194985203,1
56386,8712,484000,360,1,1,1,0,0,0,1,65098,7.434944237918216,0
7765,5797,377000,360,1,1,0,0,1,0,2,13562,27.798259843680874,0
38694,9208,57000,120,1,0,1,1,1,0,1,47902,1.1899294392718467,1
45631,23483,289000,360,1,1,1,1,0,0,1,69114,4.181497236449923,0
61763,5109,435000,360,1,0,1,0,0,0,0,66872,6.504964708697212,0
17523,23028,105000,360,0,0,0,0,1,0,2,40551,2.589331952356292,0
42590,16500,458000,120,1,1,0,0,0,0,2,59090,7.750888475207311,0
68721,2433,96000,240,1,1,1,0,1,0,1,71154,1.349186272029682,1
66320,21847,371000,360,1,0,1,2,0,0,1,88167,4.207923599532705,0
2269,16967,223000,360,1,0,0,0,0,1,2,19236,11.592846745685174,0
61235,24970,191000,120,1,1,1,2,1,0,0,86205,2.215648744272374,0
64455,20172,376000,240,0,1,1,2,1,0,1,84627,4.443026457277228,0
66425,4167,468000,360,0,0,1,0,1,0,1,70592,6.629646418857661,0
69469,24849,390000,180,1,0,0,1,1,0,1,94318,4.134947730019721,1
6811,17773,286000,120,1,1,1,3,0,0,2,24584,11.63358281809307,0
55207,8357,101000,360,1,0,1,2,1,0,1,63564,1.588949719967277,1
30193,6154,116000,360,1,0,0,1,1,0,0,36347,3.191460092992544,1
73432,21804,451000,180,1,1,0,2,0,0,0,95236,4.735604183292033,0
27158,8920,291000,180,1,0,1,2,0,1,0,36078,8.06585730916348,0
19931,18427,243000,120,1,1,1,0,0,1,1,38358,6.335053965274519,0
4247,20581,182000,120,1,1,0,2,1,0,0,24828,7.330433381665861,0
60650,19880,239000,180,1,1,0,1,1,0,0,80530,2.9678380727679126,1
67225,17162,430000,120,0,1,0,1,1,0,1,84387,5.095571592780878,0
37273,213,90000,180,1,0,1,3,1,1,2,37486,2.4008963346315957,1
68935,3762,297000,360,1,1,1,2,1,0,2,72697,4.085450568799263,1
58386,13399,291000,180,1,1,0,0,1,1,2,71785,4.053771679320192,1
68303,9768,247000,180,0,1,0,0,1,0,1,78071,3.1637868094426866,0
33051,10640,312000,240,0,1,1,1,0,0,0,43691,7.141058799295049,1
12894,6731,165000,180,1,1,1,2,1,0,2,19625,8.40764331210191,0
70592,19501,496000,180,1,0,0,1,1,1,0,90093,5.505422174863752,1
5390,5791,409000,240,1,1,1,3,1,0,1,11181,36.579912351310256,0
43106,15822,391000,120,1,0,1,2,1,0,1,58928,6.6352158566386095,1
12127,8783,478000,240,1,0,1,1,1,1,2,20910,22.859875657580105,0
10292,13621,470000,360,1,1,1,0,0,0,1,23913,19.654581190147617,0
75469,16019,122000,240,1,0,1,1,1,0,0,91488,1.3335082196572228,1
44501,2720,138000,360,1,1,0,1,1,1,1,47221,2.9224285805044365,1
78052,8905,270000,120,1,1,1,1,1,0,0,86957,3.104982922593926,1
25397,9127,384000,240,0,1,1,1,1,1,2,34524,11.122697254084116,0
69648,22431,453000,240,1,1,1,1,1,0,1,92079,4.919688528328935,1
24983,24416,171000,120,1,1,1,0,1,0,1,49399,3.46160853458572,1
50055,16385,320000,360,1,0,1,0,1,0,2,66440,4.81637567730283,1
18659,6368,461000,240,1,1,1,1,0,0,1,25027,18.420106285211972,0
37420,14056,266000,360,1,0,0,0,1,0,0,51476,5.167456678840625,1
68621,12236,369000,240,1,1,1,0,1,0,0,80857,4.563612303201949,1
70979,18333,341000,180,0,0,1,0,0,0,1,89312,3.818075958437836,0
20957,23116,206000,240,1,1,1,1,1,0,2,44073,4.674063485580741,1
68057,14451,170000,120,1,1,1,0,0,1,1,82508,2.0604062636350413,0
78689,24217,218000,120,0,1,0,2,1,0,2,102906,2.118438186305949,0
54495,17301,78000,360,1,1,1,1,1,0,0,71796,1.086411499247869,1
42257,19558,331000,240,1,1,0,1,1,0,0,61815,5.354687373614818,1
11192,10433,398000,360,1,0,1,2,1,0,0,21625,18.404624277456648,0
47258,15525,219000,360,1,1,0,0,1,0,1,62783,3.488205405921985,1
73909,23398,165000,180,1,0,1,1,1,0,0,97307,1.6956642379273845,1
72711,89,72000,180,1,0,0,3,1,0,0,72800,0.989010989010989,1
67197,18093,433000,120,1,0,1,2,1,0,1,85290,5.076796810880525,1
38565,10361,409000,360,1,1,1,3,0,0,1,48926,8.359563422311245,0
34106,16369,382000,120,1,1,0,2,0,0,1,50475,7.568103021297672,0
13034,3041,119000,240,1,0,0,0,1,0,1,16075,7.402799377916018,0
41897,105,324000,360,1,0,1,0,0,0,1,42002,7.713918384838817,0
2516,9078,370000,360,0,1,1,1,0,1,1,11594,31.913058478523375,0
57091,18279,274000,240,1,1,1,0,1,0,2,75370,3.63539869974791,1
24747,6090,462000,240,1,1,0,0,1,0,0,30837,14.98200214028602,0
25800,24892,221000,120,0,1,1,2,0,0,0,50692,4.359662274126094,1
75565,6082,347000,120,1,0,1,0,1,0,0,81647,4.25000306196186,1
10768,17018,135000,240,1,1,0,0,1,0,0,27786,4.858561865687756,1
13685,1925,392000,120,1,1,0,2,1,0,2,15610,25.112107623318387,0
65204,18440,339000,240,1,1,0,2,1,0,0,83644,4.052890823011812,1
40599,6917,411000,360,1,1,0,0,0,1,2,47516,8.649717989729774,1
10071,19528,262000,360,1,0,0,2,1,0,0,29599,8.851650393594378,0
39544,552,294000,180,1,0,1,2,0,0,2,40096,7.332402234636872,0
52714,21767,373000,360,1,1,1,1,0,0,1,74481,5.007988614545992,0
62728,3911,66000,240,0,0,0,0,1,0,1,66639,0.990411020573538,1
50484,3389,334000,120,1,1,1,0,1,0,1,53873,6.199766116607577,1
42274,13629,70000,180,0,1,0,1,1,0,0,55903,1.2521689354775236,0
4068,24826,46000,120,1,1,1,0,1,0,1,28894,1.5920260261646015,1
64092,2430,373000,240,0,1,1,3,1,1,0,66522,5.607167553591293,0
69063,458,306000,360,1,1,0,2,0,0,1,69521,4.4015477337782825,0
4195,13395,336000,180,1,1,0,2,1,0,1,17590,19.101762364980104,0
49690,207,88000,240,1,0,1,3,1,1,0,49897,1.7636330841533558,1
6758,899,452000,180,1,1,0,2,1,0,2,7657,59.030952070001305,0
41004,11653,212000,180,1,0,0,0,0,0,0,52657,4.026055415234442,0
34659,16405,70000,360,0,1,1,0,1,0,1,51064,1.3708287639041203,0
15486,8601,68000,240,0,0,1,2,0,0,2,24087,2.8230995972931456,0
63358,894,426000,120,1,0,0,0,1,0,1,64252,6.630143808753035,1
14166,514,221000,180,1,1,0,1,1,0,1,14680,15.054495912806539,1
40160,23678,296000,180,1,0,1,1,1,0,1,63838,4.636736739872803,1
5061,21288,176000,120,1,1,0,3,1,0,2,26349,6.679570382177692,1
28354,24251,424000,240,1,0,0,1,1,0,0,52605,8.060070335519438,0
66005,4109,362000,180,1,1,1,2,1,1,1,70114,5.163020224206293,1
53751,13258,156000,180,0,1,0,0,1,0,1,67009,2.328045486427196,0
24162,15313,75000,180,1,0,1,1,1,0,0,39475,1.8999366687777075,1
9892,15349,74000,240,1,1,1,0,1,0,0,25241,2.9317380452438493,1
32035,7179,30000,240,1,1,0,2,0,0,0,39214,0.7650328964145459,0
53756,10326,197000,120,1,0,0,0,1,0,1,64082,3.0741861989326176,1
36722,11787,137000,240,1,1,0,2,1,0,2,48509,2.8242181863159415,1
78873,1560,48000,240,1,1,1,0,0,0,1,80433,0.5967699824698818,0
64835,13612,361000,360,0,1,1,0,0,1,1,78447,4.601833084757862,0
12465,17650,101000,120,1,1,1,1,0,0,0,30115,3.3538103934916155,0
26038,20022,485000,180,1,0,1,1,1,0,0,46060,10.529743812418584,0
72092,19811,474000,240,0,1,1,0,0,0,0,91903,5.157611829864096,0
9610,4780,138000,180,1,1,1,0,1,0,1,14390,9.589993050729673,0
28766,18311,297000,180,1,0,1,2,1,0,0,47077,6.3088132208934296,1
54492,11894,474000,360,1,0,0,1,0,0,1,66386,7.140059651131263,0
8410,2356,269000,240,1,1,1,0,1,1,2,10766,24.986067248746053,0
1706,4790,446000,120,1,1,1,2,1,1,1,6496,68.6576354679803,0
24919,16690,330000,240,1,0,1,0,1,0,1,41609,7.930976471436468,1
52136,24363,119000,180,1,0,1,1,0,0,1,76499,1.5555758898809136,0
51515,20049,132000,120,1,1,1,0,1,0,0,71564,1.844502822648259,1
55768,10181,279000,240,0,1,1,1,1,0,0,65949,4.230541782286312,0
19641,7057,482000,180,1,1,0,0,1,0,2,26698,18.0537868005094,0
73410,16082,37000,180,1,1,1,3,1,0,1,89492,0.4134447771867876,1
57544,661,182000,360,1,1,0,0,0,0,1,58205,3.126879134095009,0
68714,4644,376000,360,1,0,0,0,1,0,0,73358,5.125548679080673,1
35327,15711,203000,360,1,1,0,0,1,0,1,51038,3.977428582624711,1
57320,24887,372000,180,0,0,1,2,0,0,0,82207,4.525162090819516,0
64123,2920,187000,240,0,1,0,1,1,0,0,67043,2.789254657458646,1
76950,16002,460000,360,1,0,1,2,1,0,0,92952,4.9487907737326795,1
23799,14025,244000,240,1,0,1,3,0,0,1,37824,6.45093062605753,0
45085,8946,206000,360,1,1,0,3,1,0,0,54031,3.812626085025263,1
65544,12732,204000,120,1,1,0,2,1,0,0,78276,2.606162808523685,1
44057,6236,369000,120,1,1,1,0,1,0,1,50293,7.337005149822043,1
50580,16309,367000,360,0,0,1,2,0,0,1,66889,5.486701849332476,0
4193,22462,175000,180,1,0,1,0,0,0,1,26655,6.565372350403301,0
70663,13518,479000,360,1,1,1,2,0,1,1,84181,5.690120098359487,0
27439,352,353000,360,1,1,1,1,0,0,2,27791,12.7019538699579,0
50425,7005,190000,180,0,1,0,2,0,0,0,57430,3.3083754135469268,0
44441,14036,156000,120,1,0,0,1,0,0,0,58477,2.6677155120816733,0
23334,16542,449000,240,0,1,0,1,1,0,1,39876,11.259905707693852,0
19547,956,111000,360,1,1,1,3,1,0,0,20503,5.413841876798517,0
27605,2071,176000,180,1,1,0,0,1,0,1,29676,5.930718425663836,1
77266,8595,268000,360,1,1,0,0,1,0,1,85861,3.1213240004192824,1
17207,15140,441000,180,1,0,0,1,1,0,2,32347,13.633412681237827,0
23476,12803,453000,240,1,1,1,3,1,0,2,36279,12.486562474158605,1
45762,3453,113000,240,1,1,1,0,1,0,2,49215,2.2960479528599005,1
25276,6675,142000,120,1,1,1,0,1,0,0,31951,4.444305342555788,1
31580,955,254000,180,1,1,1,0,0,0,2,32535,7.806977101582911,0
68342,6295,361000,180,1,1,0,0,0,0,0,74637,4.836743170277476,0
62873,15921,407000,120,1,0,0,3,0,0,1,78794,5.165367921415336,1
8276,18096,272000,120,1,0,1,2,0,0,1,26372,10.313969361443956,0
56516,15282,172000,180,1,1,1,1,1,0,0,71798,2.3956099055684,1
10974,4703,70000,120,1,1,1,1,1,0,1,15677,4.465140014033297,0
59553,6563,452000,240,1,0,1,2,1,0,0,66116,6.836469235888439,1
23459,22015,287000,360,1,1,1,0,1,0,0,45474,6.311298764128953,1
7030,12003,476000,240,1,1,0,0,1,1,2,19033,25.00919455682236,0
5248,10817,314000,120,1,0,1,1,1,0,0,16065,19.545596016184252,1
15045,11171,134000,180,1,0,0,0,1,0,0,26216,5.1113823619163865,1
67699,12582,231000,180,1,0,1,1,1,1,1,80281,2.8773931565376616,1
36266,12201,479000,240,1,0,1,0,0,0,2,48467,9.883013184228444,0
75030,17778,336000,180,1,0,1,0,1,0,0,92808,3.6203775536591674,1
62587,12473,360000,120,1,1,0,0,1,0,0,75060,4.796163069544365,1
70340,9461,490000,240,1,1,1,2,1,0,2,79801,6.140273931404368,1
55884,21116,295000,180,1,1,0,0,1,0,0,77000,3.831168831168831,1
52505,20098,427000,360,1,1,1,3,1,0,0,72603,5.881299670812501,1
48076,15596,239000,360,1,1,0,0,1,0,1,63672,3.753612262847091,1
40853,529,80000,120,1,1,0,2,1,0,1,41382,1.933207674834469,1
63503,19342,147000,180,1,1,1,2,0,0,2,82845,1.7743979721166032,0
54233,24288,230000,120,1,1,0,3,1,0,0,78521,2.929152710739802,1
66818,19975,406000,240,0,1,1,2,0,1,2,86793,4.677796596499718,0
25164,23279,68000,360,1,1,0,0,0,0,2,48443,1.4037115785562413,0
68672,12765,57000,240,1,1,1,0,1,0,0,81437,0.699927551358719,1
28236,13910,288000,180,1,0,1,1,1,0,0,42146,6.833388696436198,0
2354,11561,113000,120,1,1,0,0,1,1,2,13915,8.120733021918793,0
40123,9131,483000,120,1,1,0,0,1,0,1,49254,9.806310147399197,0
8892,525,184000,120,1,0,1,2,1,0,1,9417,19.53913135818201,0
57180,22861,146000,240,1,1,0,1,1,0,1,80041,1.8240651666021164,1
48217,16385,31000,360,1,1,1,1,1,0,1,64602,0.4798613046035726,1
52359,374,122000,240,0,1,1,3,0,0,2,52733,2.313541804941877,0
27809,12197,195000,240,1,1,0,1,0,0,0,40006,4.87426885967105,0
65234,4648,416000,180,1,0,1,1,0,0,0,69882,5.952892017973155,1
71967,2365,429000,180,1,1,1,2,1,1,2,74332,5.771403971371684,1
54162,17909,379000,180,1,0,0,0,0,0,2,72071,5.258703223210445,0
14188,1646,325000,360,1,1,1,0,1,0,1,15834,20.525451559934318,0
26842,13,287000,360,1,1,0,3,1,0,2,26855,10.687022900763358,0
38657,4599,110000,180,0,1,1,3,0,0,1,43256,2.542999815054559,1
69363,2278,454000,180,1,1,1,2,1,1,0,71641,6.337153306067754,1
53583,14296,297000,360,1,1,1,1,1,0,2,67879,4.375432755344068,1
67233,3155,448000,120,0,1,0,2,1,0,1,70388,6.364721259305563,0
36198,8321,264000,360,1,1,0,0,1,0,0,44519,5.93005233720434,1
24171,3814,350000,360,0,1,1,0,1,0,0,27985,12.506700017866715,0
26684,13125,340000,360,1,1,1,1,1,0,1,39809,8.540782235172951,0
43607,3216,330000,180,1,0,0,1,1,0,2,46823,7.047818379856054,1
53163,24603,492000,120,1,1,1,0,1,0,0,77766,6.326672324666307,1
17208,2113,386000,360,1,1,0,0,0,0,0,19321,19.97826199472077,0
51311,20740,242000,180,1,1,1,0,1,0,1,72051,3.3587320092712107,0
4311,10238,91000,240,1,1,0,1,1,0,2,14549,6.2547254106811465,0
57750,13760,78000,240,0,0,1,2,0,0,1,71510,1.0907565375471961,0
73582,21927,156000,360,1,1,0,1,1,0,1,95509,1.6333539247610174,1
36254,20939,252000,240,1,0,0,0,1,0,1,57193,4.406133617750424,1
12911,12588,438000,120,1,1,1,1,1,0,0,25499,17.1771442017334,0
4411,23446,308000,240,1,0,1,1,1,0,1,27857,11.0564669562408,0
68770,3374,437000,240,1,1,0,1,1,0,0,72144,6.057329784874695,1
10180,6430,323000,120,1,0,0,0,1,0,2,16610,19.446116797110175,1
72795,19850,313000,360,1,1,1,1,1,0,0,92645,3.37848777591883,1
12611,19465,306000,360,1,1,1,3,1,0,1,32076,9.539842873176207,1
39004,11970,467000,120,1,1,0,0,1,1,0,50974,9.16153333071762,0
3302,629,136000,120,0,1,1,0,0,1,1,3931,34.59679470872552,0
9655,16653,175000,120,1,0,0,1,1,0,0,26308,6.651968982818914,1
75156,10831,449000,240,1,1,1,1,0,0,0,85987,5.221719562259412,0
40884,5724,128000,120,1,1,0,0,0,0,0,46608,2.746309646412633,1
48754,22281,458000,180,1,1,0,0,1,0,1,71035,6.447525867530091,1
23418,11083,404000,240,1,1,0,0,1,0,0,34501,11.709805512883685,0
62213,13149,102000,360,1,1,1,3,0,0,1,75362,1.3534672646691968,0
31806,19816,466000,360,1,0,0,2,0,0,1,51622,9.027158963232731,0
18146,9472,151000,360,1,1,1,1,1,0,1,27618,5.467448765297994,1
48343,6276,59000,240,1,0,1,2,0,0,1,54619,1.0802101832695583,0
17871,15635,217000,180,0,1,1,0,1,1,2,33506,6.476451978750075,0
78871,5895,393000,120,1,1,1,2,1,1,0,84766,4.63629285326664,0
3549,13994,383000,120,1,0,0,1,1,0,0,17543,21.832069771418798,0
33116,23499,317000,360,1,1,1,0,1,0,2,56615,5.599222820807206,1
22432,23040,480000,360,1,1,0,2,1,0,0,45472,10.555946516537649,0
31355,10552,224000,240,1,1,0,2,1,1,2,41907,5.345169064834037,1
62934,16959,185000,180,1,1,0,2,1,1,0,79893,2.3155971111361446,1
74194,23413,201000,120,1,1,1,0,1,0,1,97607,2.0592785353509484,1
44516,6099,364000,240,1,0,1,3,0,0,0,50615,7.191544008693075,0
8900,9499,70000,120,1,1,0,3,0,0,2,18399,3.8045545953584434,0
44142,19576,92000,360,1,1,1,0,1,0,1,63718,1.4438620170124612,1
16651,3178,52000,120,1,0,1,0,1,0,0,19829,2.6224217055827324,0
52907,22436,389000,180,1,0,1,0,1,0,0,75343,5.1630542983422485,1
68190,19118,104000,180,1,1,1,3,1,0,0,87308,1.1911852293031566,1
5999,6116,77000,360,1,1,0,1,1,0,1,12115,6.355757325629385,0
7795,15563,189000,180,1,1,1,0,1,0,0,23358,8.091446185461084,0
60540,3568,342000,180,1,0,1,0,0,0,0,64108,5.334747613402383,0
13683,9847,147000,240,1,0,1,0,0,0,1,23530,6.24734381640459,1
30799,14135,129000,120,1,1,1,1,1,0,1,44934,2.8708772866871413,1
14374,18587,409000,360,1,1,1,1,1,0,0,32961,12.408604107885076,0
34211,17774,446000,360,1,1,1,3,1,1,0,51985,8.57939790324132,0
7039,1742,437000,360,1,0,1,1,1,1,1,8781,49.76654139619633,1
54851,18309,196000,360,1,1,0,2,1,1,2,73160,2.679059595407326,1
62767,619,319000,360,1,0,1,0,1,1,0,63386,5.032657053608053,0
49854,17658,469000,180,1,0,1,0,1,0,1,67512,6.94691314136746,1
4057,17340,185000,240,1,1,1,1,0,0,0,21397,8.646071879235407,0
39860,1939,450000,360,1,1,1,0,1,0,0,41799,10.765807794444843,0
3700,20337,36000,240,0,1,0,0,0,0,1,24037,1.4976910596164246,1
69997,16001,225000,240,1,1,1,3,0,0,0,85998,2.6163399148817414,0
48475,968,450000,180,1,1,1,1,0,0,1,49443,9.101389478793763,0
22857,14846,85000,360,0,1,1,0,1,0,2,37703,2.2544625096146196,0
79005,281,350000,180,0,0,0,0,1,0,2,79286,4.414398506672048,0
4369,15360,222000,360,1,0,1,0,1,1,0,19729,11.252470981803437,1
62635,6262,76000,180,1,1,0,3,1,0,0,68897,1.1030959258022845,1
51608,1058,177000,240,1,1,1,0,1,1,2,52666,3.3608020354688035,1
39967,20677,304000,360,1,1,0,0,1,0,0,60644,5.012861948420289,1
24828,10724,186000,120,1,0,0,1,1,0,1,35552,5.231773177317732,0
5487,5178,231000,240,1,0,1,0,1,0,0,10665,21.659634317862167,0
60371,6980,473000,120,1,1,1,0,0,0,0,67351,7.022909830589004,0
23899,9200,431000,240,0,1,1,0,1,0,0,33099,13.02154143629717,0
47714,1229,448000,180,1,1,1,0,1,1,2,48943,9.15350509776679,0
71771,20969,456000,360,1,1,1,0,1,0,2,92740,4.91697218028898,1
45564,8467,155000,240,1,1,1,0,0,0,0,54031,2.868723510577261,0
71591,19124,424000,180,1,0,1,2,1,0,2,90715,4.6739789450476765,1
42318,2289,334000,360,1,0,1,0,1,0,0,44607,7.48761405160625,1
47025,1239,398000,360,1,1,1,2,1,0,0,48264,8.246311950936516,0
21330,5370,323000,240,1,0,1,2,1,0,1,26700,12.097378277153558,0
18929,16170,93000,360,1,0,1,1,1,0,1,35099,2.6496481381235935,1
8393,125,354000,240,1,1,0,0,1,0,0,8518,41.55905142052125,0
48833,12504,421000,360,0,1,1,0,1,0,0,61337,6.863720103689453,0
4936,23857,447000,120,1,0,0,2,1,0,2,28793,15.524606675233564,1
75790,15398,205000,180,1,1,1,1,1,0,2,91188,2.248102820546563,1
77713,21726,145000,120,1,0,1,1,0,0,2,99439,1.458180391999115,0
7395,23735,469000,240,1,0,1,0,0,0,0,31130,15.065852875040154,1
21238,6638,233000,120,1,0,1,3,1,0,1,27876,8.358444540106184,0
32246,6570,350000,240,1,0,0,0,1,0,0,38816,9.016900247320692,0
50877,3249,60000,360,0,0,0,0,1,0,2,54126,1.108524553818867,0
49904,9110,417000,360,0,0,1,1,1,0,0,59014,7.066119903751652,0
55545,7595,142000,240,1,1,0,0,1,0,0,63140,2.2489705416534687,1
41290,13605,394000,120,1,1,1,1,1,1,1,54895,7.177338555423991,1
7100,12115,463000,360,1,1,0,2,1,0,2,19215,24.09575852198803,0
42264,6294,354000,180,1,0,0,2,1,1,1,48558,7.290250834054121,1
76043,22911,443000,360,1,1,1,2,1,0,0,98954,4.4768276168724865,1
47214,5757,405000,180,1,1,1,1,1,0,1,52971,7.645692926318174,1
58335,12595,373000,120,0,1,1,1,1,0,2,70930,5.258705766248414,1
75244,1969,472000,180,1,0,0,0,1,0,0,77213,6.11296025280717,1
57991,10985,96000,180,0,0,1,1,1,1,2,68976,1.3917884481558802,0
20089,17275,104000,180,1,0,0,0,1,1,2,37364,2.7834278985119365,1
44984,4470,74000,180,1,1,0,0,1,0,0,49454,1.4963400331621304,1
37712,23559,289000,360,1,0,1,0,1,0,0,61271,4.716750175450049,1
45025,10225,183000,180,1,0,1,1,1,0,0,55250,3.3122171945701355,1
48702,9556,184000,360,1,1,0,1,1,0,0,58258,3.1583645164612584,0
34135,24704,459000,180,0,1,1,3,1,0,1,58839,7.800948350583797,0
64708,9206,392000,240,1,1,0,0,1,0,1,73914,5.303460778742863,0
35328,9991,477000,120,0,0,1,3,1,0,1,45319,10.52538670314879,0
20211,23196,263000,180,0,1,1,2,1,0,0,43407,6.058930587232474,0
4920,7519,80000,240,1,1,1,1,0,0,1,12439,6.431385159578745,1
1801,13669,335000,180,0,0,0,1,0,0,1,15470,21.654815772462833,0
46736,4612,291000,180,0,1,1,0,1,0,2,51348,5.66721196541248,0
67735,12373,344000,180,1,1,0,2,0,0,0,80108,4.294202826184651,0
55740,17582,154000,240,1,1,1,1,1,1,1,73322,2.100324595619323,1
67226,15552,428000,120,0,1,0,3,1,0,2,82778,5.170455918239146,0
11992,14646,274000,240,1,0,1,1,1,0,1,26638,10.286057511825213,0
7602,5238,59000,120,1,1,1,2,0,0,0,12840,4.595015576323988,0
51836,15577,455000,180,0,1,0,2,1,0,0,67413,6.7494400189874355,0
28141,22473,151000,360,1,1,1,0,0,0,2,50614,2.9833642865610304,0
36084,22641,154000,180,1,1,1,0,1,0,0,58725,2.6223925074499785,1
34245,15504,66000,120,1,1,1,1,1,0,2,49749,1.3266598323584393,1
24593,24089,199000,240,1,0,0,1,1,0,2,48682,4.087753173657615,1
67605,3719,153000,180,1,0,0,0,1,0,0,71324,2.1451404856710226,1
53385,302,386000,240,0,0,1,2,1,1,1,53687,7.189822489615736,0
38131,12144,64000,240,1,0,1,1,1,1,0,50275,1.2729985082048731,1
74491,17370,116000,240,1,1,0,3,1,0,0,91861,1.2627774572451858,0
5514,10055,163000,180,1,1,1,2,1,1,1,15569,10.469522769606268,0
12593,4440,225000,240,1,0,0,1,1,0,1,17033,13.209651852286738,1
19570,21293,303000,240,1,1,1,3,0,0,0,40863,7.415020923573893,1
37277,3072,230000,180,0,1,0,1,1,0,2,40349,5.700265186249969,0
58458,13598,398000,240,0,1,0,2,1,0,0,72056,5.5234817364272235,0
12229,14287,314000,180,1,1,0,0,1,1,1,26516,11.84190677326897,0
46517,13965,106000,120,1,1,0,0,1,0,1,60482,1.7525875467081116,1
67820,19508,88000,120,0,0,1,1,0,0,0,87328,1.007695126419934,0
29251,9519,460000,120,0,1,1,1,0,0,2,38770,11.864843951508899,0
79569,13380,155000,240,1,1,1,1,1,0,1,92949,1.6675811466503137,1
56248,11865,430000,360,1,0,0,1,1,1,1,68113,6.313038626987506,1
7301,8125,138000,360,1,0,0,0,0,0,1,15426,8.945935433683392,0
20690,3291,253000,240,0,1,0,3,0,0,0,23981,10.55001876485551,0
51189,4033,307000,360,1,1,1,1,0,0,0,55222,5.559378508565427,0
52493,5105,97000,180,1,0,1,1,0,0,1,57598,1.6840862529948957,0
31092,17087,98000,360,1,0,1,1,1,0,2,48179,2.0340812387139624,1
12147,8133,194000,240,0,0,0,2,1,0,2,20280,9.566074950690336,0
10216,16958,334000,240,1,0,1,3,1,0,0,27174,12.291160668285862,0
71816,5704,426000,180,1,0,1,1,1,0,1,77520,5.495356037151703,1
3868,7848,191000,120,1,1,0,0,1,0,0,11716,16.302492318197338,1
79075,21592,394000,240,1,0,1,1,1,0,0,100667,3.9138943248532287,1
8155,12975,371000,180,1,1,1,1,1,1,1,21130,17.5579744439186,0
71531,6924,338000,360,0,0,1,2,1,0,1,78455,4.308202154101077,0
77929,20212,408000,360,0,1,0,0,1,0,0,98141,4.157283907846874,1
57266,19614,372000,180,0,1,1,3,1,0,1,76880,4.838709677419355,0
14903,488,464000,180,0,1,0,1,1,0,1,15391,30.147488792151258,0
33597,7114,416000,240,1,1,1,3,0,0,0,40711,10.218368499914028,0
12466,15740,71000,360,0,1,0,0,0,0,1,28206,2.5171949230660142,1
54421,3173,383000,180,1,1,1,2,1,0,0,57594,6.649998263708025,1
51226,1667,445000,360,1,1,1,3,1,0,1,52893,8.41321157809162,0
51800,4114,138000,180,0,0,0,3,1,1,2,55914,2.468075973816933,0
24177,3553,80000,360,1,1,0,0,1,0,1,27730,2.8849621348719796,1
57109,7761,279000,120,1,0,1,0,1,0,2,64870,4.300909511330353,1
58161,1000,370000,240,1,0,0,1,1,0,0,59161,6.254120112912222,1
32524,15638,459000,360,1,0,1,0,0,1,1,48162,9.530335118973465,0
71813,17772,412000,120,1,1,0,0,1,1,1,89585,4.598984204945024,1
54506,5450,50000,360,0,0,0,0,1,0,1,59956,0.8339448929214758,0
16838,3712,329000,360,0,1,1,1,1,0,2,20550,16.009732360097324,0
69527,1367,168000,120,1,1,0,1,1,0,1,70894,2.3697350974694613,1
21008,8189,388000,360,1,1,1,0,1,0,1,29197,13.289036544850498,0
4551,9013,353000,360,1,1,1,0,0,0,0,13564,26.024771453848423,0
50247,16838,414000,240,0,0,0,1,1,0,0,67085,6.1712752478199295,0
55521,19156,121000,120,1,1,0,1,1,1,1,74677,1.6203114747512621,1
67912,3726,476000,120,1,0,1,0,1,0,1,71638,6.644518272425249,1
59835,23616,309000,180,1,0,1,0,1,0,2,83451,3.702771686378833,1
57679,4806,154000,360,1,1,1,3,1,1,0,62485,2.4645915019604705,1
33593,2190,426000,240,1,1,0,3,1,0,0,35783,11.905094597993461,0
71178,9108,140000,360,0,1,1,3,1,0,1,80286,1.7437660364197993,0
41234,12178,383000,360,1,1,1,2,1,0,2,53412,7.170673256946005,1
74115,2875,168000,180,1,1,1,0,0,0,2,76990,2.1821015716326797,0
75023,5592,464000,360,1,0,1,1,1,0,0,80615,5.755752651491658,1
18519,17824,302000,240,1,0,1,1,1,1,0,36343,8.309715763695898,0
75347,12592,128000,240,1,1,1,1,1,0,1,87939,1.4555544184036662,1
29751,8927,281000,180,1,1,1,0,1,1,0,38678,7.265111949945705,1
27445,22443,367000,360,1,0,1,1,1,0,2,49888,7.356478511866581,1
33717,14437,133000,240,1,1,0,1,1,0,1,48154,2.7619720064792124,1
9808,11530,243000,360,0,0,1,0,1,0,0,21338,11.38813384572125,1
7449,7010,278000,360,1,1,0,2,1,0,0,14459,19.226779168683866,0
53490,11207,181000,360,0,1,0,0,1,0,0,64697,2.797656769247415,0
2650,23501,279000,180,1,0,0,0,1,0,2,26151,10.668808076172995,0
76240,2989,304000,360,1,1,0,0,1,1,0,79229,3.836978883994497,1
68117,12040,194000,240,1,0,1,0,1,0,0,80157,2.4202502588669734,1
18396,9218,370000,360,1,0,1,0,0,1,2,27614,13.399000506989209,0
47675,22612,37000,240,1,1,1,3,1,0,0,70287,0.5264131347190804,1
9305,6471,313000,360,1,1,1,1,1,0,1,15776,19.84026369168357,0
6737,2863,34000,240,1,0,0,1,1,0,0,9600,3.5416666666666665,0
21556,10693,174000,240,1,0,0,0,1,0,1,32249,5.39551614003535,1
47043,1177,130000,360,1,1,0,1,1,0,0,48220,2.6959767731231854,1
58056,4760,193000,360,1,0,1,2,0,0,0,62816,3.0724656138563424,0
4843,11,403000,240,1,1,0,1,1,0,1,4854,83.02430984754841,0
15000,21636,176000,120,1,1,1,2,0,0,0,36636,4.804017905884922,0
54722,16353,93000,180,1,0,1,3,1,0,1,71075,1.308476960956736,1
30875,20783,120000,120,1,1,1,2,1,0,0,51658,2.3229703046962715,1
11162,11556,146000,120,1,0,0,1,1,1,1,22718,6.426622061801215,0
18464,11563,383000,360,1,1,1,0,1,0,2,30027,12.755186998368135,0
61138,14051,296000,180,0,1,0,1,1,0,0,75189,3.936746066578888,0
75166,11022,339000,120,0,1,0,1,0,1,0,86188,3.933262171067898,0
68715,8234,202000,360,1,1,0,2,1,0,2,76949,2.6251153361317234,1
70542,21829,76000,120,1,0,1,2,0,0,1,92371,0.8227690508925961,0
14784,16173,169000,120,1,1,0,2,0,0,0,30957,5.459185321575088,0
74289,13178,275000,360,1,1,0,2,0,0,1,87467,3.144042896177987,0
62889,6570,178000,360,0,1,1,0,1,0,0,69459,2.5626628658633153,0
10935,24596,275000,360,1,1,1,0,1,1,0,35531,7.739720244293715,1
55840,406,424000,180,1,0,1,0,1,0,2,56246,7.538313835650535,1
45578,9206,34000,120,1,1,1,3,1,0,1,54784,0.6206191588785047,1
52793,4431,494000,360,1,1,1,2,1,0,1,57224,8.632741507059976,0
61903,21627,213000,240,1,1,0,1,1,0,0,83530,2.549982042379983,1
30624,6542,49000,120,1,1,1,2,1,0,0,37166,1.3184092988215035,1
45419,23320,454000,240,0,1,1,2,0,1,2,68739,6.604693114534689,1
36747,8906,75000,180,1,1,0,3,0,1,0,45653,1.64282741550391,1
64252,4146,41000,360,1,1,1,2,1,0,0,68398,0.5994327319512266,1
58073,12046,99000,240,0,0,0,1,1,0,0,70119,1.4118855089205493,0
60601,12611,46000,180,1,0,1,1,1,0,1,73212,0.6283122985302956,1
28146,13076,400000,360,0,1,1,0,1,0,0,41222,9.703556353403522,0
24549,16524,176000,240,0,1,1,1,1,0,0,41073,4.285053441433545,0
69885,4882,183000,240,1,1,1,1,1,1,2,74767,2.447603889416454,1
41658,14113,333000,180,1,1,1,0,1,0,1,55771,5.970845062846282,1
66917,13645,137000,360,1,1,0,2,1,0,0,80562,1.700553610883543,1
24789,6012,265000,360,0,1,1,1,1,0,1,30801,8.603616765689425,0
11323,17347,337000,240,1,1,0,3,1,0,0,28670,11.75444715730729,0
61660,7151,381000,240,1,1,1,0,0,0,1,68811,5.5369054366307715,0
43475,24948,99000,240,0,1,1,1,1,0,1,68423,1.446881896438332,0
11040,3610,212000,360,0,1,0,1,1,0,0,14650,14.47098976109215,0
17864,9884,279000,180,0,1,1,0,1,0,0,27748,10.054778722790832,0
6111,6894,257000,180,1,1,0,1,1,0,1,13005,19.76163014225298,1
29163,13467,131000,360,0,1,0,0,1,0,2,42630,3.072953319258738,0
53491,23695,104000,120,1,1,0,0,1,0,1,77186,1.347394605239292,1
59179,16489,446000,180,0,1,1,0,1,0,0,75668,5.89416926573981,0
32477,21923,475000,240,1,1,1,0,1,0,0,54400,8.731617647058824,1
50615,9873,245000,120,1,1,0,2,1,0,0,60488,4.050390160031742,0
62390,12289,436000,120,1,1,0,0,1,1,0,74679,5.8383213487057946,1
67887,12208,428000,180,1,1,1,1,1,0,1,80095,5.343654410387665,1
19571,10828,440000,120,1,1,1,2,0,0,1,30399,14.474160334221521,0
60775,23171,232000,120,1,0,1,1,1,1,0,83946,2.7636814142424893,1
73869,2137,221000,180,1,1,1,3,0,0,0,76006,2.907665184327553,0
13438,20829,278000,180,1,1,1,2,0,0,1,34267,8.11276154901217,0
36695,19914,271000,120,0,0,1,2,1,1,0,56609,4.787224646257663,0
5500,1286,494000,240,1,1,0,0,0,0,2,6786,72.79693486590038,0
72088,15710,208000,360,1,1,0,2,0,0,1,87798,2.369074466388756,0
39804,11371,466000,120,1,0,0,2,0,0,2,51175,9.10600879335613,0
70949,15945,491000,120,1,0,1,0,1,0,2,86894,5.650562754620572,1
22264,7052,248000,240,1,1,1,0,1,0,2,29316,8.459544276163188,0
39994,3654,111000,120,1,1,0,0,0,0,0,43648,2.5430718475073313,0
4873,23486,121000,120,1,1,0,2,1,1,2,28359,4.2667230861454915,1
13661,18743,464000,360,0,1,0,1,1,0,0,32404,14.319219849401309,0
28850,15600,204000,360,0,1,0,2,1,0,0,44450,4.589426321709786,0
26851,24489,268000,360,1,1,1,0,1,1,1,51340,5.220101285547331,1
16805,8636,289000,180,0,1,0,2,1,0,0,25441,11.359616367281161,0
76853,6441,420000,180,1,0,1,0,1,0,0,83294,5.042380003361587,1
78297,21431,394000,360,1,0,1,0,0,0,0,99728,3.9507460291994225,0
67453,24611,192000,360,1,1,0,1,1,0,0,92064,2.0855057351407718,0
58958,21587,77000,180,1,1,1,0,0,0,1,80545,0.9559873362716493,0
21858,9667,358000,240,1,1,1,0,0,0,0,31525,11.356066613798573,0
4767,12149,357000,120,1,0,1,0,1,0,1,16916,21.104279971624496,0
40013,1798,145000,120,1,1,1,1,1,0,2,41811,3.467986893401258,1
27592,9600,458000,360,1,1,0,3,0,0,1,37192,12.314476231447623,0
12838,21675,366000,240,1,1,1,2,1,0,1,34513,10.604699678382058,0
1912,5495,366000,180,1,1,1,1,0,0,2,7407,49.41271769947347,0
9043,9900,398000,360,1,1,1,0,1,0,0,18943,21.01039961991237,0
34996,13673,254000,240,1,0,1,1,1,1,1,48669,5.218927859623169,1
62192,11130,381000,240,1,0,1,2,1,0,2,73322,5.196257603447806,1
45925,22668,357000,240,1,1,0,0,1,0,2,68593,5.204612715583223,1
40256,15222,176000,180,0,1,1,0,1,1,1,55478,3.1724287104798297,0
20388,23669,92000,180,1,1,0,0,1,0,0,44057,2.0882039176521325,0
37235,1300,323000,120,1,0,0,2,0,0,2,38535,8.381990398339171,0
48795,23253,352000,120,1,0,0,0,1,0,0,72048,4.885631801021542,1
19455,9435,472000,240,1,0,1,2,0,0,0,28890,16.337833160263067,0
39341,19481,354000,240,1,0,1,0,1,0,0,58822,6.018156472068274,1
72140,4616,42000,180,1,1,0,0,1,0,1,76756,0.5471884934076815,1
67010,16393,460000,120,1,1,1,1,1,0,1,83403,5.515389134683405,0
36411,10617,218000,240,1,1,0,1,0,1,2,47028,4.635536276260951,0
60531,5752,316000,120,1,0,0,0,1,0,1,66283,4.767436597619299,1
8857,9852,237000,120,1,1,0,0,1,0,0,18709,12.667700037415148,0
33979,6295,143000,240,1,1,0,0,0,0,1,40274,3.5506778566817303,0
62976,21199,51000,180,1,0,1,0,1,0,1,84175,0.6058806058806059,1
46311,17456,378000,240,1,1,1,0,1,0,1,63767,5.927831009769943,0
37708,3225,243000,240,1,1,0,3,1,0,2,40933,5.9365304277722135,0
21650,1316,200000,120,1,0,1,1,0,0,2,22966,8.70852564660803,0
72680,22083,352000,240,1,1,1,1,1,0,1,94763,3.7145299325686185,1
44786,12337,83000,180,1,1,0,0,1,0,0,57123,1.4530049192094252,1
69950,6807,423000,240,1,0,1,0,0,0,1,76757,5.510898028844275,0
22852,23058,327000,180,0,1,0,0,0,0,2,45910,7.122631235025049,0
56569,3683,349000,180,1,0,0,1,1,1,0,60252,5.792338843523867,1
15897,7227,155000,120,0,1,1,1,1,0,2,23124,6.702992561840512,0
43055,3273,306000,360,1,1,0,0,1,0,0,46328,6.605076843377655,1
48459,23384,493000,360,1,0,0,2,1,0,1,71843,6.86218559915371,1
2228,145,233000,120,1,1,0,1,0,0,1,2373,98.18794774546987,0
52017,5010,223000,240,1,1,1,0,1,0,1,57027,3.910428393567959,1
67734,16035,198000,120,1,0,1,0,1,0,2,83769,2.3636428750492424,1
41454,3040,181000,180,1,1,0,1,1,0,0,44494,4.067964219894817,1
48780,9654,64000,360,1,1,1,2,1,0,0,58434,1.095252763801896,1
18279,16866,213000,120,1,1,1,0,1,0,1,35145,6.0606060606060606,1
65432,19563,315000,240,1,1,0,0,1,0,0,84995,3.7061003588446377,1
74436,17633,86000,120,0,1,1,1,1,0,1,92069,0.934082047160282,0
25966,17014,251000,360,1,1,1,0,1,0,0,42980,5.8399255467659374,0
38439,14996,332000,120,1,0,1,1,1,0,0,53435,6.213156171048938,1
71396,16336,192000,120,1,0,1,1,1,0,1,87732,2.1884831076460127,0
36770,8853,48000,360,1,1,0,0,0,0,1,45623,1.0521009140126691,0
60663,11695,399000,180,1,1,1,0,1,0,0,72358,5.51424859725255,1
53434,2852,293000,180,0,1,1,1,1,0,0,56286,5.205557332196284,1
66395,16014,311000,360,1,1,0,0,0,0,0,82409,3.7738596512516835,0
33807,987,142000,120,1,0,0,0,1,0,1,34794,4.081163418980284,1
55598,7622,356000,360,1,0,0,2,1,0,0,63220,5.631129389433723,1
62421,23711,59000,180,0,0,1,0,1,0,1,86132,0.6849951237635258,1
6986,9160,164000,240,1,1,1,1,0,0,1,16146,10.157314505140592,0
9835,17484,96000,120,1,1,0,0,1,1,1,27319,3.514037849116,1
12630,6652,94000,180,0,1,1,1,0,0,0,19282,4.875012965460015,0
62066,7421,321000,120,1,1,0,0,1,0,1,69487,4.619569128038338,1
68203,21400,54000,360,0,1,1,3,1,0,2,89603,0.6026583931341585,0
28692,769,66000,240,1,0,1,2,0,0,0,29461,2.24024982179831,0
2562,17727,30000,360,1,1,0,0,0,0,0,20289,1.478633742422002,0
23045,14114,428000,240,1,0,0,1,1,1,1,37159,11.518070992222611,0
23189,4358,66000,120,1,1,0,0,0,0,0,27547,2.3959051802374125,0
12674,23164,170000,120,0,1,1,1,1,0,1,35838,4.743568279479882,1
10848,22986,261000,360,1,1,1,2,1,0,2,33834,7.714133711651002,1
25214,11543,165000,240,1,1,1,1,1,0,1,36757,4.488940882008869,1
39602,18733,418000,240,1,1,1,0,1,0,1,58335,7.165509556869804,1
75960,5699,217000,120,1,1,1,1,1,0,1,81659,2.657392326626581,1
8301,17625,157000,360,1,0,1,0,1,0,0,25926,6.055696983722903,1
73767,1125,230000,240,1,1,1,2,1,0,0,74892,3.0710890348768896,1
49636,10793,156000,120,1,1,0,1,1,0,2,60429,2.581541974879611,1
25125,6764,286000,180,1,0,0,0,0,0,2,31889,8.968609865470851,0
74092,21485,193000,360,1,0,0,0,0,0,1,95577,2.0193142701696014,0
78552,12323,64000,180,1,0,1,2,0,0,2,90875,0.7042640990371389,0
45761,13031,223000,360,1,1,0,2,1,0,0,58792,3.7930330657232276,1
3042,14052,220000,120,0,0,1,0,1,1,0,17094,12.87001287001287,0
23177,12640,133000,240,0,1,1,0,1,0,0,35817,3.7133204902699837,0
48232,7843,52000,240,1,1,0,1,0,0,0,56075,0.927329469460544,0
51843,14210,294000,240,1,1,1,0,1,0,2,66053,4.450971189802129,1
40581,16456,319000,360,1,1,1,0,0,0,2,57037,5.592860774584919,0
64356,21856,459000,120,1,1,1,0,0,0,2,86212,5.324084814179001,0
20565,10106,491000,180,1,1,1,0,0,0,1,30671,16.008607479377915,0
56193,5189,413000,120,1,1,0,1,1,1,0,61382,6.72835684728422,1
28462,2472,289000,180,1,1,0,3,1,0,0,30934,9.342471067433891,0
29795,17091,443000,360,0,1,0,1,1,0,0,46886,9.448449430533636,0
15307,18188,387000,360,1,0,1,0,1,0,1,33495,11.55396327810121,0
43848,6704,104000,180,1,0,0,1,1,0,1,50552,2.0572875454977053,1
27932,3713,384000,180,1,1,1,1,1,0,2,31645,12.134618423131617,0
59354,5051,101000,180,1,0,1,0,0,0,2,64405,1.5682012266128407,0
41762,10756,288000,120,0,0,0,3,1,0,0,52518,5.483834114018051,0
38580,2475,427000,180,1,1,1,1,1,0,0,41055,10.400682011935208,0
2824,3610,217000,360,1,1,0,3,1,0,1,6434,33.72707491451663,0
37409,4255,490000,360,1,0,1,1,1,0,0,41664,11.760752688172044,1
21370,14484,202000,240,1,0,0,1,0,0,1,35854,5.6339599486807606,0
36078,23781,319000,180,1,1,0,0,1,0,1,59859,5.329190263786565,1
73624,1735,74000,120,0,1,1,1,1,0,0,75359,0.9819663212091455,0
28290,8258,90000,120,0,1,1,0,1,0,1,36548,2.4625150487030756,0
26789,7979,112000,120,1,1,0,2,1,0,1,34768,3.2213529682466637,1
56629,2428,152000,240,1,0,1,2,0,0,2,59057,2.5737846487291938,0
16985,12345,387000,360,0,0,1,2,1,0,0,29330,13.194681213774292,1
45982,7426,45000,120,1,1,0,2,1,0,2,53408,0.8425704014379868,1
6248,8533,95000,360,1,0,1,2,1,0,1,14781,6.427170015560517,0
10935,5249,453000,240,1,1,0,0,1,0,1,16184,27.990608007909046,1
5209,21675,174000,180,1,0,1,1,1,0,0,26884,6.472251153102217,1
31855,19201,404000,180,1,1,1,1,0,0,1,51056,7.912879974929489,0
57271,20258,191000,180,1,1,0,1,1,0,1,77529,2.4635942679513474,1
59299,9686,263000,120,1,1,1,2,0,0,1,68985,3.812422990505182,0
14616,14109,409000,180,1,1,1,0,1,0,1,28725,14.238468233246302,0
26970,20595,173000,120,1,1,1,0,1,0,1,47565,3.637128140439399,1
43844,661,387000,240,0,1,1,3,1,1,2,44505,8.695652173913043,0
44418,12075,217000,240,0,1,1,1,1,0,0,56493,3.8411838634875117,0
53724,14788,351000,120,0,0,1,0,1,0,2,68512,5.123190098085007,0
40798,10060,479000,360,1,1,1,2,1,0,0,50858,9.418380589091194,0
63129,15836,42000,180,1,1,1,3,1,0,2,78965,0.5318812131957196,1
67540,10526,213000,180,1,1,0,0,0,1,2,78066,2.72846053339482,0
29516,3374,140000,180,1,0,0,2,1,1,0,32890,4.256612952265126,1
25460,207,444000,120,1,1,1,3,0,0,1,25667,17.298476643160477,1
35091,2665,319000,240,1,0,0,3,1,1,1,37756,8.448988240279691,0
69141,18877,324000,180,1,0,0,3,1,0,0,88018,3.6810652366561385,1
37895,23197,480000,240,0,1,1,1,1,1,1,61092,7.85700255352583,0
24200,632,421000,180,1,1,0,0,1,0,0,24832,16.953930412371133,0
36120,3083,244000,180,1,1,1,0,0,0,2,39203,6.224013468357014,0
22059,13711,491000,120,1,1,0,0,1,0,2,35770,13.726586525020966,0
63142,10123,149000,360,0,0,1,1,1,0,1,73265,2.0337132327850953,0
78039,20103,411000,120,1,0,1,0,1,0,1,98142,4.187809500519656,1
23232,7123,84000,180,0,1,0,0,1,0,1,30355,2.767254159117114,0
31854,10754,56000,180,0,1,1,0,1,0,0,42608,1.3143071723619977,0
15343,1679,147000,360,1,0,1,0,0,0,1,17022,8.635882974973564,0
73226,15901,250000,240,1,1,1,2,1,1,1,89127,2.8049861433684518,1
19140,236,260000,240,1,1,1,0,0,0,2,19376,13.418662262592898,0
54028,7446,82000,180,1,1,0,1,0,0,1,61474,1.3338972573771024,1
39913,4443,324000,240,1,1,0,1,1,0,1,44356,7.304536026693119,1
54138,23154,350000,180,1,0,1,0,1,0,1,77292,4.528282357811934,1
54236,15463,430000,360,0,1,1,3,1,0,0,69699,6.169385500509333,0
70366,22483,262000,360,0,1,0,1,1,0,1,92849,2.821785910456763,0
20587,8555,187000,180,1,0,1,0,1,0,1,29142,6.416855397707776,0
42930,18752,466000,360,1,1,0,0,0,0,0,61682,7.554878246490062,0
26004,16669,298000,120,1,0,1,0,1,0,1,42673,6.983338410704661,1
8614,148,50000,120,1,1,1,0,1,1,1,8762,5.70645971239443,0
12475,13395,432000,360,1,1,1,0,1,0,1,25870,16.698879010436798,0
12523,20421,82000,180,1,0,1,1,1,0,1,32944,2.4890723652258377,1
22947,22933,304000,180,1,1,1,2,0,0,1,45880,6.6259808195292065,0
25459,23505,342000,360,1,1,1,1,1,0,1,48964,6.984723470304714,1
67703,4895,310000,240,0,1,1,0,1,0,2,72598,4.270090085126312,0
31203,21664,243000,120,1,1,1,0,1,1,0,52867,4.596440123328352,1
10837,17396,60000,240,1,1,1,1,0,0,2,28233,2.12517267027946,0
47927,11023,366000,180,1,0,1,0,1,0,1,58950,6.208651399491094,1
63029,10699,212000,180,1,0,1,0,0,0,1,73728,2.8754340277777777,0
33421,9715,52000,240,1,0,1,2,1,0,1,43136,1.2054896142433233,1
34807,19169,61000,360,1,1,1,0,1,0,0,53976,1.1301319104787313,1
28855,20109,475000,240,1,1,0,2,1,1,0,48964,9.701004819867658,0
6335,16163,103000,240,1,1,0,0,1,1,1,22498,4.578184727531336,0
21659,20960,39000,120,1,0,1,3,1,1,1,42619,0.9150848213238227,1
49105,5782,485000,120,1,1,1,1,1,0,1,54887,8.836336473117496,0
39588,22641,83000,240,1,1,1,2,1,0,1,62229,1.333783284320815,1
56784,18792,81000,240,0,0,0,0,1,0,0,75576,1.071768815496983,1
58543,16724,177000,180,1,1,1,2,1,0,0,75267,2.351628203595201,1
37047,2817,189000,120,0,1,1,2,1,0,1,39864,4.7411198073449725,0
29032,15096,399000,120,1,0,0,1,1,0,0,44128,9.041878172588833,0
35849,18880,43000,180,0,0,1,1,1,1,1,54729,0.7856894882055218,0
46945,22346,207000,360,1,1,1,2,1,0,0,69291,2.9874009611637873,1
7213,5299,441000,120,1,1,1,0,1,0,1,12512,35.24616368286445,0
57678,9917,395000,120,1,0,0,1,1,0,0,67595,5.84362748724018,1
50907,23958,82000,360,1,1,1,2,0,0,0,74865,1.0953048821211515,0
71840,18073,437000,120,1,1,0,0,1,0,1,89913,4.860253800896422,1
52490,3267,364000,120,1,1,0,0,1,0,1,55757,6.528328281650735,1
77172,4406,51000,360,1,1,1,1,0,0,0,81578,0.6251685503444556,0
67045,24837,59000,360,1,1,1,2,0,0,2,91882,0.642127946714264,1
59641,17826,220000,240,1,1,1,0,1,0,0,77467,2.839918933223179,0
25293,24981,289000,180,1,1,0,0,0,0,1,50274,5.748498229701237,0
58070,10382,234000,180,1,1,0,0,1,0,0,68452,3.418453807047274,1
39392,4437,88000,360,1,0,1,2,1,0,0,43829,2.0078030527732778,1
2515,5435,293000,360,1,0,0,0,1,0,1,7950,36.855345911949684,0
63313,24819,495000,120,0,0,1,1,1,0,0,88132,5.616575137294059,0
29212,4107,41000,240,1,1,1,0,1,0,1,33319,1.2305291275248358,1
9915,560,148000,240,1,1,0,2,0,0,0,10475,14.128878281622912,0
63792,12329,444000,360,0,1,0,3,0,0,1,76121,5.83281880164475,0
25333,21932,491000,120,1,0,1,0,1,0,0,47265,10.388236538664975,0
5658,1826,319000,120,1,1,0,0,1,0,0,7484,42.62426509887761,0
64180,11421,367000,180,1,1,0,2,1,0,0,75601,4.854433142418751,1
21809,12265,277000,180,1,0,0,0,1,0,1,34074,8.129365498620649,0
8470,7629,383000,120,1,1,0,0,1,0,1,16099,23.790297534008324,0
73974,8325,156000,180,1,1,0,2,1,1,2,82299,1.8955272846571647,1
48040,19522,104000,360,1,0,1,3,0,0,1,67562,1.5393268405316598,1
21884,7693,390000,120,0,0,0,1,1,1,1,29577,13.185921493052033,0
19517,8264,233000,180,1,1,1,0,1,0,1,27781,8.387027104855838,0
77380,12686,78000,240,1,0,0,0,1,0,0,90066,0.866031576843648,1
10202,13716,108000,120,1,0,1,0,1,1,0,23918,4.515427711347103,0
1884,24226,470000,120,1,0,0,2,0,1,1,26110,18.00076599004213,0
1904,6721,270000,240,1,1,1,2,1,0,1,8625,31.304347826086957,0
42443,23386,378000,360,1,1,1,2,1,0,0,65829,5.742150116210181,1
49426,20609,183000,240,0,1,1,0,1,0,1,70035,2.6129792246733774,0
30689,19362,303000,120,0,0,0,1,1,1,1,50051,6.053825098399632,0
14263,7373,125000,360,1,1,0,0,1,0,1,21636,5.777408023664263,0
19884,5907,243000,180,1,1,1,0,1,0,0,25791,9.421891357450273,0
61600,22481,323000,180,1,1,0,2,1,1,1,84081,3.841533759113236,1
11360,16127,238000,180,1,0,0,0,1,0,0,27487,8.658638629170154,0
52112,5656,372000,120,1,1,0,1,1,1,0,57768,6.439551308683008,1
25074,8984,117000,240,1,1,1,1,1,0,1,34058,3.435316225262787,1
25024,20643,335000,360,1,1,0,3,1,0,0,45667,7.33571287800819,1
70672,8286,293000,180,1,1,1,2,1,0,0,78958,3.7108336077408244,1
12416,5901,454000,360,0,0,0,2,0,0,0,18317,24.78571818529235,0
6309,4917,419000,120,1,0,0,1,1,0,1,11226,37.32406912524497,0
33701,8429,354000,180,1,1,0,0,1,0,0,42130,8.402563493947307,0
54830,14716,457000,120,1,1,0,1,1,0,0,69546,6.5711902913179765,1
14956,15795,406000,240,1,0,1,1,1,0,1,30751,13.202822672433417,0
57897,11138,349000,120,1,1,1,1,1,0,1,69035,5.055406677772145,1
40265,2530,186000,120,1,1,1,1,0,0,2,42795,4.346302138100246,0
36316,18344,185000,240,1,0,1,0,1,0,0,54660,3.384559092572265,1
46606,23429,168000,360,1,1,1,0,1,0,0,70035,2.39880059970015,0
55432,17432,150000,240,1,0,0,0,1,0,1,72864,2.0586297760210805,1
18600,5772,94000,240,1,1,0,1,0,0,0,24372,3.856884949942557,0
58591,15476,136000,120,1,1,1,1,1,1,2,74067,1.8361753547463784,1
23449,18913,176000,360,0,1,1,1,1,0,1,42362,4.154666918464661,1
71580,15751,166000,180,1,0,1,0,0,0,0,87331,1.9008141438893404,0
39244,2964,440000,240,1,1,1,0,1,0,1,42208,10.42456406368461,0
47043,7137,191000,360,1,1,1,2,1,0,0,54180,3.5252860834256183,1
37687,17347,457000,240,1,0,0,2,1,1,2,55034,8.303957553512374,0
8739,16920,481000,240,1,1,1,1,1,0,2,25659,18.745859152733935,0
15989,13891,129000,240,1,1,0,1,1,0,1,29880,4.317269076305221,1
59517,7340,367000,240,1,1,1,0,1,0,0,66857,5.489327968649506,1
63377,23563,428000,120,0,0,0,2,1,0,0,86940,4.922935357717966,0
44625,7967,336000,360,1,1,0,2,0,0,0,52592,6.388804380894433,0
51422,12415,170000,360,1,1,0,1,0,0,0,63837,2.6630324106709273,0
33549,11871,112000,360,1,1,0,1,1,1,1,45420,2.4658740642888595,1
38631,11916,206000,240,1,1,0,1,1,1,2,50547,4.075414960333947,1
44444,8734,227000,120,1,0,0,1,1,0,1,53178,4.26868253789161,1
75463,845,141000,240,1,0,0,1,0,0,1,76308,1.8477748073596478,0
25785,22161,85000,240,1,0,1,1,1,0,1,47946,1.772827764568473,1
39126,19420,489000,360,1,0,1,1,1,0,2,58546,8.352406654596386,0
44308,22331,208000,240,1,0,1,0,1,1,0,66639,3.1212953375650896,1
55371,2494,450000,180,1,1,0,3,1,0,1,57865,7.776721679771883,1
20698,12677,430000,240,1,0,1,2,1,0,1,33375,12.883895131086142,0
21258,19103,215000,180,1,1,0,0,1,0,2,40361,5.326924506330369,1
16754,18268,247000,240,0,1,0,1,1,1,2,35022,7.052709725315516,0
45738,12330,442000,120,1,0,1,0,0,0,1,58068,7.6117655162912445,0
2752,20733,446000,120,1,1,1,0,1,0,0,23485,18.990845220353417,0
41264,5179,345000,360,1,0,0,0,1,0,1,46443,7.4284606937536335,1
79209,6610,246000,240,1,1,1,1,1,0,0,85819,2.866498094827486,1
38941,6430,149000,180,1,1,0,2,1,1,1,45371,3.2840360582751096,1
55182,7154,468000,180,0,1,1,1,0,1,1,62336,7.507700205338809,1
60994,13828,423000,240,1,1,0,1,1,1,1,74822,5.653417444067253,1
66715,10145,204000,180,1,0,1,1,0,0,2,76860,2.654176424668228,0
8449,6488,52000,120,1,1,0,0,1,0,1,14937,3.4812880765883376,0
56893,21121,242000,180,1,1,1,0,1,0,0,78014,3.10200733201733,1
75053,22909,434000,360,1,1,1,2,1,1,0,97962,4.430289295849411,1
8441,3850,264000,120,1,1,1,3,0,0,2,12291,21.47913107151574,0
27434,17073,42000,120,1,1,1,1,1,0,0,44507,0.9436717819668816,1
24886,13564,130000,120,1,0,0,1,1,0,0,38450,3.3810143042912872,1
63386,21559,446000,240,1,1,0,3,0,0,0,84945,5.250456177526635,0
77245,5078,53000,240,1,0,1,0,1,0,1,82323,0.6438054978560063,0
54913,12168,393000,120,1,0,1,2,1,0,0,67081,5.858588870171881,1
58300,5448,40000,240,1,1,1,1,1,0,2,63748,0.6274706657463763,1
43818,17563,302000,180,1,0,0,1,0,0,2,61381,4.920089278441211,0
71673,9074,481000,240,1,0,0,0,1,0,2,80747,5.956877654897395,1
71890,6406,460000,240,1,1,1,1,0,0,0,78296,5.875140492490038,0
53829,24975,310000,120,1,1,0,2,1,0,2,78804,3.933810466473783,1
44588,23291,123000,360,1,1,0,0,0,0,2,67879,1.8120479087788566,1
41311,8800,230000,360,1,0,0,1,1,0,2,50111,4.589810620422662,1
56979,14083,50000,360,1,0,0,0,1,0,1,71062,0.7036109312994286,1
21463,1638,369000,180,0,0,0,2,0,0,1,23101,15.973334487684516,0
56623,22055,496000,240,1,1,0,1,0,0,0,78678,6.304176516942475,0
74977,23312,240000,360,1,1,1,2,1,1,2,98289,2.44177883588194,1
15888,10340,169000,120,1,1,0,0,1,0,0,26228,6.443495500991307,1
7069,1382,322000,360,1,1,1,0,0,0,0,8451,38.10199976334162,0
71336,1403,327000,360,1,1,1,0,1,0,2,72739,4.495525096578176,1
38086,9011,430000,240,1,0,1,0,1,0,1,47097,9.13009321188186,0
13515,3292,130000,240,1,0,0,0,0,1,0,16807,7.7348723746058194,0
46502,9011,333000,240,1,0,1,1,1,0,2,55513,5.998594923711563,1
7754,419,388000,180,1,1,1,0,1,0,2,8173,47.47338798482809,0
18644,12411,57000,180,1,1,1,1,0,1,0,31055,1.8354532281436162,0
25714,4517,70000,360,1,1,1,0,1,0,2,30231,2.3155039528960337,1
73274,19686,384000,240,1,0,1,1,1,0,0,92960,4.130808950086059,0
7590,24241,332000,360,0,0,0,2,0,0,0,31831,10.430083880493859,0
13137,15422,175000,120,1,1,0,1,1,0,0,28559,6.127665534507511,0
23915,9700,285000,120,1,1,1,3,0,0,0,33615,8.478357875948237,0
25571,24254,491000,240,1,1,0,0,0,0,0,49825,9.85449071751129,0
59743,5693,256000,240,1,1,0,1,1,0,0,65436,3.912219573323553,1
42740,767,265000,120,1,1,1,1,1,0,2,43507,6.090973866274393,1
34934,18428,390000,240,1,1,0,1,1,1,1,53362,7.308571642742026,1
71224,14818,409000,180,1,1,0,1,1,0,2,86042,4.753492480416541,1
77197,1549,484000,180,1,0,1,1,1,0,1,78746,6.146343941279557,1
30232,9956,42000,240,1,1,1,1,1,0,0,40188,1.0450880859958196,1
12814,6140,239000,120,0,1,0,1,1,0,2,18954,12.609475572438535,0
25454,10837,258000,360,1,1,0,3,1,0,2,36291,7.109200628254939,1
58608,3716,426000,240,1,1,1,3,1,1,0,62324,6.835248058532828,0
38168,4481,129000,240,1,1,1,0,1,0,0,42649,3.0246899106661354,1
24561,24282,60000,360,1,1,1,0,1,0,1,48843,1.2284257723727043,1
41249,6548,415000,240,1,1,0,2,1,0,1,47797,8.682553298324162,1
18407,18677,45000,360,1,1,1,3,1,0,2,37084,1.213461331032251,1
20277,4837,166000,120,1,0,1,0,1,0,0,25114,6.609859042764992,1
53245,7758,358000,180,0,1,0,0,1,0,0,61003,5.868563841122568,0
25124,10900,195000,120,0,0,1,3,1,0,1,36024,5.413057961359094,0
24821,23177,488000,180,0,1,1,2,1,0,1,47998,10.167090295428975,0
11988,24022,339000,360,1,1,1,0,1,1,0,36010,9.4140516523188,0
24074,7993,469000,180,1,1,0,1,1,0,0,32067,14.62562759222877,0
6740,22391,499000,120,1,1,1,3,1,0,1,29131,17.129518382479144,0
44721,5542,129000,180,1,0,0,2,1,0,1,50263,2.56650020890118,1
11978,22740,138000,360,1,0,1,2,0,1,0,34718,3.974883345814851,1
57145,24817,372000,180,1,0,1,2,1,0,1,81962,4.538688660598814,1
20762,14828,202000,240,1,0,1,0,0,1,2,35590,5.6757516156223655,0
54296,23764,266000,120,1,1,1,2,1,0,2,78060,3.4076351524468356,1
5932,16052,191000,240,1,1,0,0,1,0,0,21984,8.688136826783115,0
65791,2385,422000,360,0,1,1,3,1,0,0,68176,6.189861534850974,0
60899,14308,245000,180,1,0,0,0,1,0,2,75207,3.257675482335421,1
51928,20652,293000,240,1,0,1,2,1,0,0,72580,4.036924772664646,1
1802,671,292000,240,1,1,0,0,1,1,1,2473,118.07521229276183,0
1555,163,321000,180,1,0,0,1,1,0,1,1718,186.8451688009313,0
10217,8656,303000,180,0,1,0,0,1,0,0,18873,16.05468129073279,0
30199,11234,32000,120,1,1,1,1,1,0,1,41433,0.7723312335577921,1
75186,20976,57000,240,1,1,1,2,1,0,1,96162,0.592749734822487,1
69161,4795,355000,240,1,0,1,2,1,0,1,73956,4.800151441397587,1
45747,10634,457000,360,0,0,0,1,1,0,0,56381,8.105567478405845,0
18248,4798,178000,120,1,1,1,0,0,0,2,23046,7.723683068645318,0
6121,22420,57000,360,0,1,0,3,1,0,1,28541,1.9971269401913037,0
16534,18739,339000,240,1,1,0,2,1,1,1,35273,9.610750432342018,0
6626,22271,467000,360,1,0,1,2,1,0,2,28897,16.160847146762638,0
6622,24345,94000,240,1,1,0,2,0,0,1,30967,3.0354893919333485,0
19530,10749,385000,240,0,1,0,2,1,0,1,30279,12.715083060867268,0
57158,5827,50000,360,1,1,0,1,1,0,2,62985,0.7938398031277288,1
40138,4719,281000,360,1,1,1,2,1,0,0,44857,6.264351160354014,1
68567,593,264000,180,1,1,1,1,1,1,1,69160,3.8172353961827645,1
36174,21223,256000,180,1,0,1,2,1,1,2,57397,4.460163423175428,1
37354,7394,42000,180,1,1,0,2,1,0,0,44748,0.9385894341646555,1
47771,14056,342000,240,0,0,0,0,0,0,0,61827,5.531563879858314,0
75188,19877,78000,360,1,1,1,0,1,0,2,95065,0.8204912428338506,1
40018,22548,147000,120,1,1,0,0,1,0,2,62566,2.349518908033117,1
11767,10636,83000,240,1,1,1,0,1,0,2,22403,3.704860956121948,0
2562,19056,167000,120,1,0,0,1,1,0,0,21618,7.725043944860764,0
51948,20584,82000,360,1,0,0,2,1,0,0,72532,1.130535487784702,1
7729,16,73000,240,1,0,0,0,1,0,0,7745,9.425435765009684,0
58293,3191,332000,120,1,1,0,1,1,0,1,61484,5.399778804241754,1
49415,392,82000,120,1,1,1,3,1,0,1,49807,1.6463549300299154,1
6132,6272,103000,180,1,0,1,2,1,0,0,12404,8.303772976459207,0
5096,16955,75000,180,1,0,0,1,1,1,0,22051,3.4012062944991155,0
7668,3631,42000,180,1,1,1,2,1,0,1,11299,3.717143110009735,0
9061,6172,194000,240,0,0,1,1,1,1,1,15233,12.735508435633164,0
75294,9312,131000,360,0,1,0,0,0,1,0,84606,1.548353544665863,0
28234,23561,309000,360,0,1,1,0,1,1,2,51795,5.9658268172603535,0
7871,24817,287000,180,1,1,0,0,1,0,0,32688,8.779980420949585,0
27569,20281,499000,180,1,1,0,0,0,0,1,47850,10.428422152560083,0
14410,24507,366000,180,1,1,0,3,1,0,2,38917,9.404630367191716,0
74979,18663,385000,120,1,1,0,2,0,0,1,93642,4.111403002926037,0
79235,23835,427000,180,1,1,0,1,1,0,0,103070,4.142815562239255,1
24775,8906,167000,120,1,1,0,1,1,0,0,33681,4.958285086547312,1
73774,17159,192000,360,1,1,0,0,1,0,2,90933,2.111444690046518,1
61504,23253,438000,240,1,0,1,2,0,0,0,84757,5.167714761022689,0
64481,18631,416000,240,0,1,0,2,1,0,1,83112,5.005294061026086,0
56053,23472,140000,240,1,1,0,0,0,0,2,79525,1.7604526878340145,0
49947,16462,131000,240,0,1,1,0,1,0,2,66409,1.972624192504028,0
36029,8080,46000,120,1,0,1,1,0,0,1,44109,1.0428710693962684,0
77203,7099,297000,120,1,1,0,1,1,0,2,84302,3.5230480890133093,1
77590,20310,211000,180,1,1,1,1,1,0,2,97900,2.1552604698672115,0
18760,23724,401000,120,1,1,0,1,0,0,0,42484,9.438847566142547,0
5312,14916,53000,180,0,0,0,1,0,0,0,20228,2.6201305121613605,0
29524,7083,58000,180,0,1,1,0,1,0,0,36607,1.5843964269128854,0
60156,22614,200000,240,1,1,0,0,1,0,0,82770,2.4163344206838224,1
28785,9223,438000,120,1,1,1,1,1,0,2,38008,11.523889707430016,0
3105,4940,257000,120,0,1,0,2,1,0,1,8045,31.94530764449969,0
72658,19655,407000,180,1,0,1,3,1,0,2,92313,4.408913154160302,1
73803,3456,217000,180,0,0,0,2,1,0,1,77259,2.8087342574975085,0
28639,7788,375000,360,1,1,1,2,1,0,1,36427,10.29456172619211,0
78649,24983,259000,360,1,0,1,1,1,0,1,103632,2.4992280376717617,1
57638,24034,350000,180,1,1,1,1,1,0,0,81672,4.285434420609266,1
77625,2711,369000,360,1,1,1,3,1,0,2,80336,4.593208524198367,1
15418,11280,148000,360,1,0,1,0,1,0,1,26698,5.5434864034759155,1
28946,18052,185000,180,1,1,1,1,1,0,1,46998,3.9363377164985742,1
14546,16531,301000,180,1,0,1,1,1,0,0,31077,9.68561959005052,0
26318,22804,204000,120,1,1,0,1,1,0,2,49122,4.152925369488213,1
5824,12089,494000,180,1,1,0,0,1,0,2,17913,27.577736839167084,0
77823,10142,133000,180,1,1,0,1,0,0,1,87965,1.5119649860740068,0
10611,16749,121000,240,1,1,0,2,1,0,1,27360,4.4225146198830405,0
39610,15587,215000,120,1,0,1,1,0,1,1,55197,3.8951392285812636,0
17889,9866,489000,120,1,1,1,2,1,0,0,27755,17.618447126643847,0
42927,4531,312000,120,0,0,1,0,0,0,0,47458,6.574234059589532,0
30246,12686,210000,240,0,1,0,3,1,1,1,42932,4.891456256405478,0
1617,5330,199000,180,1,1,0,1,1,0,0,6947,28.645458471282566,0
14734,5510,216000,120,1,0,1,1,1,0,1,20244,10.669828097213989,0
54941,8964,204000,120,0,0,1,0,1,0,1,63905,3.192238478992254,0
2346,6493,251000,360,0,1,1,0,1,0,0,8839,28.39687747482747,0
12454,10759,262000,120,1,0,0,1,1,0,0,23213,11.286778960065481,0
48014,5439,191000,180,1,1,0,1,1,0,0,53453,3.573232559444746,1
7969,14473,450000,180,1,1,1,1,1,0,0,22442,20.051688797789858,0
31605,9765,163000,360,1,1,1,0,1,0,1,41370,3.940053178631859,0
43601,13279,420000,120,1,0,0,2,0,0,1,56880,7.383966244725738,0
65823,6511,253000,120,1,1,0,2,1,0,2,72334,3.497663616003539,1
59567,11483,182000,120,0,0,1,0,1,0,0,71050,2.561576354679803,0
50876,23888,62000,240,0,1,0,1,1,0,2,74764,0.8292761221978492,0
47087,17630,84000,120,1,0,1,2,0,1,0,64717,1.2979588052598234,0
38476,20223,471000,180,1,1,0,1,1,0,1,58699,8.023986780013288,1
69084,24935,36000,180,1,0,0,0,1,0,1,94019,0.3829013284548868,1
79977,2376,273000,240,0,1,1,1,1,0,1,82353,3.3149976321445487,0
44033,19393,342000,240,1,0,1,0,1,0,1,63426,5.39211049096585,1
3328,11824,155000,120,1,0,0,0,1,0,0,15152,10.229672650475186,0
3417,18211,41000,360,1,0,1,0,1,0,0,21628,1.8956907712224893,0
22118,6979,45000,240,1,1,0,1,0,0,2,29097,1.546551190844417,1
33754,9832,237000,240,1,0,0,0,1,0,0,43586,5.437525811040242,1
48862,12504,72000,120,1,1,0,3,1,0,0,61366,1.1732881400123847,1
21628,24953,402000,120,1,0,1,0,1,0,0,46581,8.630128163843628,0
60883,20669,490000,240,0,0,1,0,1,0,0,81552,6.008436335099078,0
67045,6910,164000,360,0,1,0,1,1,0,1,73955,2.2175647353120143,0
11365,24945,257000,240,0,1,1,0,1,0,1,36310,7.077939961443128,0
3719,14089,140000,120,1,1,0,1,1,1,0,17808,7.861635220125786,0
41309,2196,336000,120,1,1,0,0,1,0,0,43505,7.723250201126307,1
6787,20131,486000,240,1,1,1,0,1,0,1,26918,18.05483319711717,0
35887,5978,189000,360,0,1,0,0,1,1,1,41865,4.514510927982802,0
10012,21991,360000,240,1,1,1,1,1,1,2,32003,11.248945411367684,0
2842,17153,293000,240,1,1,1,0,1,0,2,19995,14.653663415853963,0
64576,780,254000,120,1,1,0,2,1,0,2,65356,3.886406756839464,1
20716,9908,246000,360,1,1,0,1,1,0,1,30624,8.032915360501567,0
28114,6303,485000,180,1,0,1,1,1,0,1,34417,14.091873202196588,0
37758,14686,74000,360,1,1,0,1,1,0,0,52444,1.4110289070246358,1
43578,3983,243000,240,1,0,1,1,1,0,1,47561,5.10922814911377,1
13719,9503,88000,240,1,1,1,3,1,0,0,23222,3.7895099474636122,0
1735,16905,161000,240,0,1,1,0,0,0,2,18640,8.63733905579399,0
44429,13070,133000,360,1,0,0,0,1,0,1,57499,2.3130837058035794,1
68944,23953,224000,120,1,1,1,0,1,0,1,92897,2.411272699871901,0
10067,12232,442000,240,1,1,1,0,1,0,0,22299,19.821516659939906,0
72292,22168,186000,240,0,1,1,0,1,0,1,94460,1.969087444420919,0
66941,4583,127000,360,1,1,0,1,0,0,0,71524,1.7756277613108886,0
75198,5946,255000,180,0,1,1,1,1,0,0,81144,3.142561372375037,0
6915,21325,441000,180,1,1,1,3,1,0,0,28240,15.61614730878187,0
37659,22651,234000,120,0,1,1,0,1,0,0,60310,3.879953573205107,1
45425,16377,108000,120,0,1,0,0,0,0,1,61802,1.7475162616096567,0
7451,7128,153000,240,1,1,0,3,1,1,1,14579,10.494546951094039,0
9507,11889,457000,360,1,1,1,2,0,0,2,21396,21.35913254813984,0
43332,12275,247000,240,1,1,0,1,1,0,1,55607,4.441886812811337,1
60096,2461,33000,120,1,1,1,1,1,0,0,62557,0.5275189027606823,1
32023,14291,119000,360,1,0,0,2,1,1,2,46314,2.569417454765298,1
17024,14036,133000,360,1,1,1,1,0,0,1,31060,4.282034771410174,0
20782,11435,422000,120,1,1,1,0,0,0,1,32217,13.098674612782071,0
25430,685,148000,180,1,1,1,2,1,0,1,26115,5.667241049205438,1
1577,18544,162000,180,1,0,0,1,1,0,2,20121,8.051289697331146,0
22111,23415,341000,360,1,1,0,0,1,0,0,45526,7.49022536572508,0
18484,12258,125000,240,1,0,1,1,1,0,0,30742,4.066098497169995,1
15560,21725,497000,180,1,1,0,1,1,0,1,37285,13.329757275043583,0
44803,15990,463000,240,1,1,1,2,1,0,0,60793,7.616008422022272,1
60707,16422,360000,180,1,0,1,0,1,0,2,77129,4.667505088877076,1
76546,10736,172000,180,0,1,1,2,1,0,1,87282,1.9706239545381636,0
30787,4875,317000,240,1,1,0,1,1,0,1,35662,8.889013515787113,1
41211,17640,57000,120,1,0,0,1,1,0,1,58851,0.9685476882295968,1
13454,11182,307000,180,1,0,1,0,0,0,0,24636,12.46143854521838,0
74840,24081,262000,180,0,1,1,2,1,0,2,98921,2.648578158328363,0
73601,2196,46000,240,0,1,1,3,1,0,2,75797,0.6068841774740426,1
73020,7165,88000,120,0,0,1,0,1,0,1,80185,1.097462118850159,0
20074,15997,119000,180,1,0,1,0,1,0,2,36071,3.299049097613041,1
10684,14215,228000,180,1,0,1,1,1,0,0,24899,9.156994256797462,0
20596,301,391000,120,1,0,1,2,1,0,2,20897,18.710819734890176,0
69228,23911,470000,180,1,1,1,0,1,0,0,93139,5.0462212392230965,1
35516,22765,55000,120,0,0,1,1,0,0,0,58281,0.943703779962595,0
12746,17030,54000,120,1,1,1,1,1,0,0,29776,1.813541106931757,1
47058,14571,423000,240,1,1,1,0,1,1,0,61629,6.863651852212432,1
19881,9951,330000,360,1,1,0,1,0,1,0,29832,11.061946902654867,0
37955,20714,368000,120,0,1,1,0,1,0,2,58669,6.272477799178442,0
5518,10773,296000,240,1,1,0,2,1,0,2,16291,18.16954146461236,0
12802,23387,490000,360,1,0,1,1,0,0,0,36189,13.540025974743706,0
69006,16140,210000,180,1,1,1,1,1,0,0,85146,2.4663519131844125,1
42657,19921,485000,360,1,1,1,0,1,0,2,62578,7.750327591166225,1
56417,13057,389000,120,1,0,1,0,0,1,0,69474,5.5992169732561825,0
26019,12500,97000,120,0,1,1,2,1,0,0,38519,2.518237752797321,0
58319,20942,380000,120,1,1,0,1,0,0,1,79261,4.794287228271155,0
72824,22963,441000,120,1,1,1,1,1,0,1,95787,4.6039650474490275,1
6908,24858,488000,120,1,0,1,1,1,0,0,31766,15.362337089970408,0
60879,15921,350000,240,1,1,0,1,1,0,1,76800,4.557291666666667,1
26553,11870,78000,120,0,1,1,0,0,0,1,38423,2.0300340941623505,1
10946,4082,204000,240,1,1,0,0,1,0,0,15028,13.574660633484163,1
2422,13718,81000,180,1,1,1,0,1,0,2,16140,5.018587360594796,0
52856,20567,131000,120,0,1,0,2,1,0,1,73423,1.7841820682892282,0
12289,10517,245000,120,1,1,1,0,1,0,0,22806,10.742786985880908,1
68156,3754,467000,360,1,1,1,0,0,1,0,71910,6.494228897232652,0
45528,1724,217000,180,1,0,0,2,0,1,0,47252,4.592398205366969,0
65984,1376,86000,120,1,1,1,0,1,0,1,67360,1.2767220902612826,1
33654,8706,76000,120,1,1,1,1,0,0,0,42360,1.7941454202077431,0
3836,8894,188000,180,1,1,0,0,1,0,1,12730,14.768263943440692,0
69279,18037,203000,240,1,1,1,0,1,0,0,87316,2.324888909249164,1
20529,18450,271000,120,1,0,1,1,1,1,1,38979,6.952461581877421,1
60701,16406,311000,360,1,1,0,0,1,0,1,77107,4.033356245217685,1
33765,18844,270000,120,1,1,1,2,1,1,1,52609,5.132201714535536,1
45372,5926,399000,360,0,0,0,1,0,0,1,51298,7.778081016803774,0
47697,6251,34000,360,1,1,0,0,1,1,2,53948,0.6302365240602061,1
56680,9496,113000,120,1,1,1,0,1,0,1,66176,1.7075676982591876,1
25210,23679,337000,120,1,1,1,1,1,0,0,48889,6.89316615189511,1
30986,3300,390000,360,1,1,1,0,0,1,1,34286,11.374905209123257,0
73407,22663,488000,180,1,1,1,0,1,0,2,96070,5.07962943686895,1
73395,8553,277000,180,1,1,0,1,1,1,0,81948,3.3801923170791235,1
65935,23737,83000,120,1,1,1,2,1,0,0,89672,0.925595503613168,1
42131,3727,190000,240,1,0,1,1,1,0,1,45858,4.143224737232326,1
21603,22656,463000,180,1,1,0,2,1,0,1,44259,10.461149144806706,0
66272,22379,451000,120,0,1,0,2,1,0,1,88651,5.0873650607438154,0
15882,16898,440000,180,0,1,1,0,1,1,0,32780,13.422818791946309,0
5256,16832,255000,240,1,1,1,2,0,0,0,22088,11.544730170228178,1
22109,6019,44000,120,1,1,0,2,1,0,2,28128,1.5642775881683733,1
17978,15463,253000,240,1,0,0,0,1,0,0,33441,7.5655632307646306,1
41166,21727,90000,120,1,0,0,3,1,0,0,62893,1.4310018603024184,1
77183,10047,151000,240,1,0,1,0,1,0,1,87230,1.731055829416485,1
72815,24417,306000,180,0,0,1,0,1,0,2,97232,3.1471120618726345,0
79334,11754,75000,180,1,1,1,2,0,0,1,91088,0.8233795889689092,1
15653,2520,482000,240,1,1,1,1,0,0,2,18173,26.522863588840586,0
77825,3081,419000,240,1,1,0,0,1,0,0,80906,5.178849529083133,1
14499,1428,323000,240,1,1,0,0,1,0,0,15927,20.280027626043825,0
56818,3967,91000,120,0,0,0,2,1,0,0,60785,1.4970798716788682,1
2314,6445,115000,180,1,1,1,2,1,1,2,8759,13.129352665829433,0
77577,14566,475000,120,0,0,0,1,1,0,1,92143,5.155030767394159,1
3943,14042,239000,180,1,1,0,3,0,0,0,17985,13.288851820961913,1
77493,11329,107000,360,1,0,0,0,1,0,1,88822,1.2046565040192745,1
77416,2159,231000,120,0,0,1,0,0,0,0,79575,2.9029217719132894,0
74819,5132,331000,180,1,0,1,1,1,0,1,79951,4.140035771910295,1
18868,18931,426000,180,0,0,0,2,0,0,2,37799,11.270139421677822,1
16828,19363,252000,120,1,1,1,0,1,0,0,36191,6.963057113647039,1
58442,14933,251000,120,1,0,0,0,0,1,0,73375,3.4207836456558773,0
28806,10473,32000,180,0,0,1,2,1,1,0,39279,0.8146846915654675,0
41415,19033,35000,120,1,0,0,3,1,0,0,60448,0.5790100582318687,1
38719,24889,122000,240,0,1,0,1,0,0,0,63608,1.9179977361338196,0
66144,10805,37000,120,0,1,0,0,1,0,1,76949,0.480837957608286,0
61779,3083,457000,120,1,0,1,3,1,0,0,64862,7.045727852980173,1
54528,17421,264000,120,1,1,0,2,1,0,2,71949,3.669265729892007,1
1626,13944,137000,180,1,0,0,1,1,0,0,15570,8.798972382787412,0
53829,19873,190000,240,1,1,1,2,1,0,0,73702,2.577949038017964,1
29132,7604,238000,360,1,1,0,2,1,0,0,36736,6.478658536585366,1
66810,23928,269000,360,1,1,1,3,1,0,1,90738,2.9645793383147083,0
56676,15379,360000,240,1,1,1,2,1,0,1,72055,4.996183470959684,1
45827,19018,362000,240,1,1,1,1,1,0,2,64845,5.58254298712314,1
70404,3983,79000,240,0,1,0,1,1,0,1,74387,1.0620135238684179,0
5297,1778,40000,180,0,1,1,1,0,0,2,7075,5.6537102473498235,0
49382,24286,380000,360,1,1,0,1,0,0,1,73668,5.158277678232068,0
15218,5110,185000,240,1,1,1,2,1,0,0,20328,9.100747737111373,0
36060,21573,99000,180,0,0,1,3,1,0,2,57633,1.7177658633074802,0
78089,12087,198000,360,1,0,0,1,1,0,2,90176,2.1957061745919093,1
23616,23762,301000,120,1,0,0,1,1,0,2,47378,6.353159694372915,1
37744,17508,97000,180,0,0,0,1,1,0,0,55252,1.7555925577354665,1
3145,17081,384000,360,1,0,1,1,1,0,1,20226,18.985464253930584,0
49023,2179,281000,180,1,1,1,1,1,0,0,51202,5.4880668723877974,1
20756,9596,77000,360,0,0,0,0,1,0,0,30352,2.53690036900369,0
54673,5251,213000,360,0,0,0,1,1,0,1,59924,3.5545023696682465,0
38930,9235,349000,120,1,1,1,0,1,0,2,48165,7.245925464548947,1
40782,18313,216000,180,1,1,1,0,1,0,1,59095,3.6551315678145357,1
64874,14871,119000,240,1,0,0,2,1,0,2,79745,1.492256567809894,1
69744,1013,475000,120,1,1,1,0,1,0,0,70757,6.713116723433724,1
13194,16610,361000,120,1,1,0,0,0,0,0,29804,12.11246812508388,0
57764,23705,168000,360,1,1,1,0,1,0,1,81469,2.0621340632633274,1
76560,1828,386000,240,0,1,1,0,1,0,0,78388,4.92422309537174,0
59045,7909,118000,180,1,1,0,2,1,0,2,66954,1.7624040385936612,1
40724,5588,303000,240,1,1,1,1,1,0,0,46312,6.542580756607359,1
14724,13109,48000,240,1,1,1,2,1,0,1,27833,1.7245715517551108,1
42238,2023,340000,240,1,1,0,0,1,0,1,44261,7.681706242515984,0
26650,21350,387000,240,1,0,1,0,0,1,0,48000,8.0625,0
65231,14537,403000,240,1,0,1,0,1,0,2,79768,5.052151238591916,1
51188,5891,495000,360,1,1,0,2,1,0,1,57079,8.67219117363654,0
75009,1080,183000,360,1,0,1,1,1,0,1,76089,2.405078263612349,1
10077,5036,419000,120,1,1,1,3,1,0,2,15113,27.72447561701846,0
9570,15379,289000,360,0,1,1,1,0,0,0,24949,11.583630606437131,0
10166,10822,137000,120,1,1,1,1,1,1,2,20988,6.527539546407471,1
59261,2563,400000,120,1,1,0,2,1,0,0,61824,6.469979296066253,1
37868,3292,314000,180,0,1,0,3,1,0,0,41160,7.628765792031098,0
8283,3586,88000,240,0,1,1,0,1,0,2,11869,7.414272474513439,0
43414,16087,154000,360,1,0,0,0,1,0,2,59501,2.588191795095881,1
72007,16100,383000,180,1,0,0,1,1,0,0,88107,4.346987186035162,1
69026,20815,302000,360,0,1,1,1,1,0,1,89841,3.361494195300587,0
72335,23225,136000,120,0,1,0,3,1,1,2,95560,1.4231896190874842,1
47265,6643,328000,360,1,1,1,1,0,0,0,53908,6.084440157305038,0
21456,3959,274000,240,1,1,0,0,1,1,0,25415,10.781034821955538,1
47740,11005,365000,120,1,0,0,3,1,0,1,58745,6.213294748489233,1
38648,10775,479000,120,1,1,1,2,1,0,0,49423,9.69184387835623,0
6257,161,447000,180,1,0,1,0,1,0,0,6418,69.64786537862263,0
20597,16029,276000,240,1,0,1,3,1,0,2,36626,7.535630426472998,1
11895,16977,37000,120,0,1,1,0,0,1,0,28872,1.2815184261568302,0
17741,14226,170000,240,1,0,1,0,1,1,2,31967,5.317984171176525,1
29196,11154,391000,360,1,1,0,3,1,1,1,40350,9.690210656753408,1
71980,12080,37000,240,1,1,1,1,0,1,1,84060,0.44016178919819177,0
47663,3390,381000,120,1,1,1,0,1,0,1,51053,7.462832742444126,0
21316,5997,123000,180,1,1,0,0,0,0,1,27313,4.503350053088273,0
51340,22738,350000,120,1,1,1,2,1,0,0,74078,4.724749588271822,1
54353,12693,456000,240,1,1,0,0,1,0,0,67046,6.801300599588342,1
26417,17047,68000,240,1,0,0,1,1,0,1,43464,1.5645131603165838,1
23066,9324,110000,120,0,0,1,1,0,0,0,32390,3.396109910466193,1
76952,541,216000,240,1,0,1,0,1,0,0,77493,2.7873485347063607,1
64323,21817,113000,360,1,1,1,1,1,0,2,86140,1.3118179707452984,1
22306,5093,117000,120,0,0,0,2,0,0,2,27399,4.27022884046863,0
77020,13428,271000,180,1,1,1,1,1,0,0,90448,2.9961967097116577,1
3259,11166,371000,120,1,0,0,0,1,0,0,14425,25.719237435008665,0
43449,17251,122000,360,0,0,0,0,1,1,1,60700,2.0098846787479405,0
3982,16063,115000,360,1,0,1,1,1,0,2,20045,5.737091544025942,0
25942,10258,73000,360,1,1,0,2,1,1,0,36200,2.016574585635359,1
35219,16044,166000,360,1,0,1,0,1,1,0,51263,3.238202992411681,0
59566,5469,450000,360,0,1,0,0,0,1,2,65035,6.91935111862843,0
3579,6256,103000,180,1,0,1,1,1,0,2,9835,10.472801220132181,0
4217,10720,65000,240,1,1,0,1,1,0,1,14937,4.351610095735422,0
61176,1169,130000,360,1,1,1,0,0,0,0,62345,2.0851712246371,1
29452,830,185000,360,1,1,0,2,1,0,1,30282,6.109239812429826,1
43960,1651,455000,120,1,0,1,0,1,0,1,45611,9.97566376531977,0
74347,17520,284000,180,1,1,1,2,1,0,0,91867,3.0914256479475766,1
19949,19194,200000,180,1,1,1,1,1,0,0,39143,5.109470403392688,1
35036,9518,498000,240,1,0,1,1,0,0,0,44554,11.177447591686493,0
65577,13258,245000,180,1,0,0,0,1,0,1,78835,3.1077567070463625,1
39758,16184,199000,120,1,1,0,2,1,0,1,55942,3.557255729148046,1
49802,1019,281000,120,0,1,1,0,1,0,2,50821,5.529210365793668,0
30365,21621,389000,240,1,0,1,0,1,0,1,51986,7.482783826414804,0
8145,10028,351000,120,0,0,1,1,1,0,2,18173,19.314367468222088,0
39500,12448,84000,360,0,1,1,2,1,0,2,51948,1.617001617001617,0
28237,12485,485000,360,1,1,1,0,1,1,0,40722,11.910024065615637,0
12985,1283,461000,120,1,1,1,0,0,0,0,14268,32.310064479955145,0
40065,17043,120000,240,0,0,1,2,1,1,1,57108,2.101281781886951,1
27022,18394,307000,180,1,1,1,2,1,0,0,45416,6.759732252950502,1
66655,24974,130000,240,0,1,0,0,1,0,2,91629,1.4187648015366314,0
56668,1733,184000,180,1,1,1,1,0,0,0,58401,3.150630982346193,0
53987,18509,406000,120,1,0,1,1,1,0,0,72496,5.600308982564555,1
13842,18555,378000,120,1,1,0,1,1,0,1,32397,11.667747013612372,1
42306,24650,480000,360,1,1,0,2,0,0,1,66956,7.1688870302885475,0
50270,16230,393000,180,0,1,1,0,0,0,1,66500,5.909774436090226,0
77129,14472,170000,240,1,0,0,2,1,0,1,91601,1.8558749358631457,1
54103,12889,202000,120,1,1,0,1,1,0,0,66992,3.0152854072128017,1
27899,3471,39000,240,0,0,1,1,1,0,0,31370,1.2432260121134842,0
78034,9028,257000,360,1,1,1,1,0,0,2,87062,2.9519193218625808,0
56606,22008,294000,180,1,0,1,3,1,0,0,78614,3.739791894573486,1
32178,8329,467000,180,1,1,1,0,0,0,0,40507,11.528871553064903,0
77718,2097,277000,120,1,1,1,0,1,1,1,79815,3.4705255904278642,1
64730,14082,276000,180,1,1,0,0,1,0,0,78812,3.502004770847079,1
75555,21452,184000,120,1,0,1,3,1,1,1,97007,1.896770336161308,0
57873,13930,63000,360,1,1,1,2,1,0,1,71803,0.8774006657103464,1
32980,10077,158000,180,1,0,1,1,1,0,1,43057,3.669554311726316,1
70336,6397,189000,120,1,0,1,0,1,0,1,76733,2.463086286213233,0
73758,2757,118000,240,1,1,0,2,0,1,0,76515,1.5421812716460825,0
41486,20304,122000,120,1,0,1,2,1,0,1,61790,1.974429519339699,1
25660,24570,356000,180,1,1,0,1,1,0,0,50230,7.087397969341032,1
66429,18284,270000,360,1,0,1,0,1,0,0,84713,3.18723218396232,0
75006,18994,352000,180,1,1,1,0,1,0,1,94000,3.74468085106383,1
36411,23284,497000,180,0,1,0,1,1,0,0,59695,8.325655415026384,1
33321,17833,433000,120,1,0,1,2,1,1,1,51154,8.464636196582868,0
76539,5017,146000,240,1,1,1,0,0,0,1,81556,1.7901809799401638,0
62035,16370,123000,180,1,1,0,1,1,1,2,78405,1.5687775014348575,1
13675,7999,192000,240,1,1,1,0,1,0,1,21674,8.85854018639845,0
56271,22436,128000,120,1,1,0,2,1,0,0,78707,1.6262848285412987,1
67858,10195,142000,240,1,0,0,1,1,0,0,78053,1.8192766453563605,1
18827,2096,388000,120,1,1,1,0,1,1,0,20923,18.54418582421259,1
48557,15433,120000,360,1,0,1,1,0,0,0,63990,1.875293014533521,0
7650,22788,375000,240,0,1,1,0,0,0,0,30438,12.32012615809186,0
5925,10595,235000,240,1,1,1,0,1,0,0,16520,14.225181598062955,0
17532,15941,46000,360,1,0,0,2,1,0,1,33473,1.374241926328683,1
3698,19715,303000,240,0,1,0,0,0,0,1,23413,12.941528210823048,1
62000,15078,202000,360,1,0,1,0,1,0,1,77078,2.6207218661615506,0
54894,23846,145000,180,1,0,1,0,1,0,1,78740,1.841503683007366,1
21579,5105,378000,120,1,1,1,0,1,0,1,26684,14.165792235047219,1
37720,19362,497000,360,1,1,1,0,1,0,1,57082,8.70677271293928,0
43374,2839,210000,240,1,1,0,0,0,0,1,46213,4.544175881245537,0
15359,3384,120000,360,1,1,1,1,1,1,0,18743,6.402390225684256,0
51960,10851,111000,240,1,0,0,0,1,1,1,62811,1.7672063810479057,1
32919,10053,353000,180,1,1,0,2,1,0,1,42972,8.214651400912222,0
10205,13493,478000,360,1,1,0,0,0,0,0,23698,20.17047852139421,0
44380,17069,143000,180,0,1,1,0,1,0,0,61449,2.3271330697000763,0
24736,14139,286000,120,1,1,0,0,1,0,0,38875,7.356913183279743,1
16858,7531,87000,240,1,1,0,2,1,0,1,24389,3.56718192627824,0
78418,4283,183000,240,1,0,0,1,1,1,1,82701,2.2127906554938876,1
16096,7736,394000,180,1,0,1,2,1,0,0,23832,16.532393420610944,1
35072,7710,433000,120,0,0,1,0,1,0,0,42782,10.121078958440465,0
2779,1619,145000,360,1,0,0,2,1,0,2,4398,32.96953160527512,1
64697,13975,372000,360,1,1,1,0,1,0,0,78672,4.72849298352654,1
64016,12835,295000,240,1,0,1,0,0,0,0,76851,3.838596765168963,0
8583,23252,344000,180,1,1,0,1,1,0,0,31835,10.805716978168682,0
19271,15261,232000,180,1,1,1,0,1,0,1,34532,6.718406116066258,1
31475,1431,70000,360,1,1,1,3,1,0,1,32906,2.12727162219656,1
47148,9067,134000,120,1,1,1,0,1,0,1,56215,2.3837054167037266,1
49785,4713,418000,120,1,0,0,3,1,0,2,54498,7.670006238761055,1
20563,9557,407000,360,1,1,1,1,0,0,1,30120,13.51261620185923,0
69142,9435,222000,360,0,0,0,1,0,0,0,78577,2.825254209246981,1
39099,4998,430000,180,1,1,1,0,1,0,1,44097,9.75123024242012,1
53420,162,307000,120,1,1,1,0,1,0,0,53582,5.729536038221791,1
30029,1974,383000,360,1,0,0,3,1,0,1,32003,11.967628034871732,1
37454,19675,266000,360,1,1,1,0,1,1,0,57129,4.656129111309492,1
29356,8461,454000,240,1,1,0,1,1,0,1,37817,12.005182854271888,0
4073,17015,250000,360,0,1,1,3,1,1,0,21088,11.855083459787556,0
79844,17289,97000,360,1,1,1,0,0,0,2,97133,0.9986307434136699,0
36867,2014,226000,120,0,0,1,1,1,0,0,38881,5.812607700419228,0
62274,9833,285000,180,1,1,1,1,1,0,1,72107,3.9524595392957687,1
25252,7896,168000,120,1,0,0,0,0,0,0,33148,5.068179075660673,0
56529,204,341000,180,1,0,0,0,1,0,2,56733,6.010611108173373,1
19185,16965,464000,240,1,0,1,1,1,0,1,36150,12.835408022130014,0
53193,22059,178000,360,1,0,1,0,1,1,0,75252,2.3653856375910274,0
57461,9032,128000,240,1,1,0,2,1,0,2,66493,1.92501466319763,1
78408,5347,105000,180,0,0,1,0,0,0,0,83755,1.2536564981195153,0
76032,2643,311000,120,0,1,1,3,0,0,1,78675,3.9529710835716556,0
57633,8017,400000,120,1,1,0,0,0,0,1,65650,6.092916984006093,0
62768,18681,432000,240,1,0,0,1,0,0,0,81449,5.3039325221918014,0
39743,17258,138000,180,1,1,0,1,1,0,2,57001,2.4210101577165313,1
58884,5560,217000,240,1,1,0,0,0,1,0,64444,3.36726460182484,0
33153,15892,228000,240,1,1,0,0,0,0,0,49045,4.648791925782445,0
28157,14531,332000,360,1,1,1,2,1,0,2,42688,7.77736131934033,1
41452,17073,356000,240,1,1,1,2,1,0,1,58525,6.082870568133276,1
23680,4000,183000,360,1,1,1,0,1,0,0,27680,6.611271676300578,1
79911,14289,69000,360,1,1,0,1,1,0,0,94200,0.732484076433121,1
3122,17055,162000,120,1,1,0,0,1,0,1,20177,8.028943846954453,0
50256,7927,434000,360,1,1,0,0,0,0,0,58183,7.459223484522971,0
42309,15562,491000,360,1,1,0,1,0,0,2,57871,8.484387689861935,1
18225,1171,161000,120,1,0,0,2,1,1,1,19396,8.300680552691276,0
62896,21975,308000,240,1,1,0,0,1,0,0,84871,3.6290370091079405,1
52726,11918,391000,180,1,0,1,3,0,0,0,64644,6.048511849514263,0
30902,9135,113000,180,1,0,0,0,1,0,1,40037,2.822389289906836,1
5763,6342,428000,180,1,0,1,1,1,0,0,12105,35.35729037587774,0
48328,17833,271000,240,1,0,1,1,1,0,1,66161,4.096068680944968,1
49424,11929,145000,360,1,0,0,1,0,0,2,61353,2.3633726142160936,0
75682,2539,138000,180,1,1,0,1,0,0,1,78221,1.764232111581289,0
60552,3959,250000,240,1,0,1,0,1,0,1,64511,3.875308086992916,1
13164,13183,421000,360,1,0,1,2,1,0,0,26347,15.979048848066194,0
37237,22669,70000,120,1,1,0,2,0,0,1,59906,1.1684973124561813,0
30873,5432,397000,180,1,1,0,0,1,0,1,36305,10.93513290180416,0
37897,20644,176000,360,1,0,0,2,1,0,1,58541,3.006439930988538,1
40209,18745,141000,180,0,0,1,0,1,0,0,58954,2.3916952200020356,0
62620,22548,132000,180,1,1,1,2,1,0,2,85168,1.549877888408792,1
20750,20054,75000,180,0,1,1,0,1,0,0,40804,1.8380550926379766,0
22672,1753,441000,360,1,0,1,0,1,0,1,24425,18.055271238485158,0
13055,24484,353000,240,1,1,1,0,0,0,1,37539,9.403553637550282,0
54776,18322,407000,360,1,1,0,1,1,0,1,73098,5.56786779392049,1
58992,24946,300000,180,1,0,1,1,0,0,0,83938,3.5740665729466987,0
54502,22360,450000,360,1,1,1,0,0,0,1,76862,5.854648590981239,0
73855,10123,414000,120,1,1,1,0,1,1,0,83978,4.929862583057467,1
26262,16376,224000,240,1,0,1,0,1,0,1,42638,5.253529715277452,1
12546,6588,396000,360,1,0,0,1,1,0,0,19134,20.696142991533396,1
30269,6304,309000,120,1,1,0,1,0,0,0,36573,8.448855713231072,0
54802,7345,312000,240,1,1,0,0,1,0,0,62147,5.020354964841425,0
24650,24259,69000,120,1,1,1,0,1,1,2,48909,1.4107832914187572,1
69747,23017,476000,240,1,0,1,2,1,0,1,92764,5.131300935707817,1
6353,15352,218000,360,1,1,1,0,1,1,1,21705,10.043768716885511,0
23292,597,193000,120,0,1,1,0,0,0,1,23889,8.07903219054795,1
60629,19446,53000,180,0,1,0,0,1,0,2,80075,0.6618794879800187,0
75978,2336,53000,120,1,0,1,1,1,0,0,78314,0.676762775493526,1
68798,9879,33000,240,1,1,0,1,1,0,1,78677,0.4194364299604713,1
33487,572,352000,360,0,1,1,1,0,0,1,34059,10.335006899791539,1
17350,7521,319000,240,1,1,0,0,1,0,0,24871,12.826183104820876,0
13612,6171,470000,120,1,0,0,2,1,0,0,19783,23.757771824293584,0
25558,23481,462000,120,0,1,0,0,1,1,0,49039,9.421073023511898,0
46920,18474,210000,180,1,1,1,2,1,0,0,65394,3.2113037893384715,1
40390,13992,277000,360,1,1,0,1,0,0,0,54382,5.093597146114523,0
67517,22950,145000,360,1,0,0,1,0,0,0,90467,1.6027943891142626,0
48804,11861,308000,120,1,1,1,0,0,0,1,60665,5.077062556663645,0
34421,12464,394000,360,0,1,1,0,1,0,0,46885,8.403540578010025,0
3024,21008,98000,180,1,1,0,1,0,0,0,24032,4.077896138482024,1
16548,1633,380000,240,1,0,0,1,1,0,2,18181,20.900940542324406,0
36611,17901,283000,360,1,1,1,0,0,0,1,54512,5.1915174640446144,1
39404,12485,210000,120,1,0,1,3,1,0,0,51889,4.047100541540596,1
56412,10849,347000,240,1,0,0,3,1,0,1,67261,5.159007448595768,1
35508,3648,198000,240,1,1,1,1,1,0,0,39156,5.056696291756053,0
1560,15177,342000,180,0,0,1,3,1,0,0,16737,20.433769492740634,1
76166,13140,278000,120,1,1,1,0,1,0,0,89306,3.112892750767026,1
56837,17921,217000,360,1,1,0,0,0,0,2,74758,2.9026993766553413,0
14850,14357,83000,120,1,1,1,0,1,0,1,29207,2.841784503714863,0
25854,13368,355000,240,1,1,0,1,0,1,1,39222,9.05104278211208,0
46686,3137,386000,120,0,0,1,0,1,0,2,49823,7.747425887642254,0
29645,23369,342000,360,1,1,0,3,1,0,2,53014,6.451126117629306,1
35520,97,167000,360,1,0,0,0,0,0,1,35617,4.688772215515063,0
76686,11407,197000,180,1,1,1,0,1,0,1,88093,2.2362730296391313,1
22081,12722,420000,360,1,1,1,2,1,0,0,34803,12.067925178863891,1
24551,12924,132000,360,1,0,1,0,0,0,0,37475,3.5223482321547697,0
52974,3750,451000,120,1,1,1,0,1,0,1,56724,7.9507792116211835,1
71126,8535,114000,120,1,0,0,1,1,1,1,79661,1.4310641342689647,0
8460,24558,346000,240,0,1,1,0,0,0,2,33018,10.47913259434248,0
37272,24487,241000,180,1,1,0,0,1,0,1,61759,3.902265256885636,1
23020,21797,32000,120,0,0,1,0,0,0,1,44817,0.7140147711805788,1
50981,4666,413000,360,1,1,1,1,1,0,1,55647,7.421783743957446,1
37908,16009,208000,240,1,1,1,3,1,0,0,53917,3.8577814047517482,1
58634,16994,371000,120,1,0,1,2,1,0,1,75628,4.905590522028878,1
21991,1727,332000,180,1,0,1,0,1,0,1,23718,13.997807572307952,0
2841,1854,481000,180,1,0,0,0,1,0,1,4695,102.44941427050053,0
46123,10800,361000,240,1,0,1,1,0,0,1,56923,6.341900462027652,1
1838,5055,67000,240,1,0,1,3,1,0,0,6893,9.720005802988538,0
72931,10271,449000,240,0,1,0,0,1,0,1,83202,5.396504891709334,0
13754,18708,268000,240,1,1,0,0,1,0,1,32462,8.255806789476926,0
53360,12819,198000,240,1,0,1,2,1,0,1,66179,2.9918856434820715,1
12844,9369,482000,360,0,1,0,3,1,0,1,22213,21.69900508711115,0
3250,9283,426000,360,1,1,1,0,1,0,0,12533,33.99026569855581,0
56256,13171,372000,120,1,1,0,0,1,0,0,69427,5.358145966266727,1
69457,5774,343000,180,1,1,0,0,1,0,0,75231,4.559290717922133,1
59553,6519,335000,360,1,0,0,0,1,0,1,66072,5.070226419663397,1
72355,10983,59000,360,1,0,0,1,1,0,1,83338,0.7079603542201637,1
17396,18133,219000,360,0,1,1,1,1,0,2,35529,6.163978721607701,0
57261,14939,386000,120,1,1,0,1,1,0,0,72200,5.346260387811634,1
64052,781,54000,240,1,0,1,0,1,1,0,64833,0.8329091666281061,1
78954,16282,141000,120,1,1,1,0,0,0,1,95236,1.4805325717165778,0
29435,23932,440000,180,1,0,1,0,0,0,1,53367,8.244795472857758,0
39141,6823,464000,180,1,1,0,0,1,0,1,45964,10.09485684448699,0
31211,18489,235000,180,1,1,0,2,1,0,2,49700,4.7283702213279675,1
71842,20251,214000,180,1,1,1,0,0,0,2,92093,2.323737960539889,1
13682,7193,411000,360,1,0,0,0,1,0,0,20875,19.688622754491018,0
57776,21360,408000,360,1,0,0,0,1,0,2,79136,5.155681358673676,1
21041,2113,76000,120,1,0,1,1,1,0,0,23154,3.282370216809191,0
46313,16280,403000,240,1,1,1,1,0,0,1,62593,6.4384196315881965,0
38698,22263,257000,180,1,0,0,2,1,1,1,60961,4.215810108101901,1
10320,13565,68000,120,1,0,1,0,0,0,1,23885,2.8469750889679717,0
25570,20354,45000,360,0,1,1,2,1,0,0,45924,0.9798798014110269,1
71268,10183,51000,360,1,1,0,0,1,0,0,81451,0.626143325434924,1
12622,23648,242000,240,1,1,0,0,0,1,1,36270,6.672180865729253,0
75043,17961,339000,240,1,1,0,3,1,0,0,93004,3.6450045159347986,1
43286,9203,178000,240,1,1,0,0,1,0,0,52489,3.391186724837585,1
8237,18658,485000,120,0,1,1,1,1,0,1,26895,18.033091652723556,0
37562,21253,270000,360,1,1,1,0,1,0,1,58815,4.590665646518746,1
55737,15795,301000,360,0,1,0,1,1,0,1,71532,4.207906950735335,0
53071,23128,88000,240,1,1,1,2,1,0,0,76199,1.154870798829381,1
27010,18810,316000,180,1,0,0,2,1,0,2,45820,6.896551724137931,1
20926,13489,455000,240,0,1,1,2,1,0,0,34415,13.220979224175505,0
38765,5546,231000,120,1,1,1,1,1,0,2,44311,5.213152490352282,1
19350,6852,61000,240,1,1,1,0,1,0,1,26202,2.328066559804595,1
67650,2551,472000,240,1,0,0,1,1,0,1,70201,6.723550946567713,1
76410,6411,191000,120,0,1,1,2,1,0,2,82821,2.306178384709192,0
53875,16391,284000,240,0,0,1,0,1,0,0,70266,4.041784077647796,0
36935,24471,283000,360,1,1,1,1,1,0,0,61406,4.6086701625248345,1
58632,18939,38000,180,0,0,0,2,1,0,1,77571,0.48987379304121387,0
4483,475,494000,240,1,1,1,1,1,1,0,4958,99.63695038321904,0
22162,21800,168000,120,1,0,1,0,1,0,1,43962,3.8214821891633686,0
25010,10403,39000,180,1,1,1,2,1,0,0,35413,1.1012904865444892,1
79687,7239,243000,120,1,1,0,0,0,0,2,86926,2.795481213906081,0
42498,6710,302000,180,1,1,1,0,0,0,1,49208,6.137213461225817,0
58346,21384,353000,180,1,1,1,1,1,0,0,79730,4.4274426188385805,1
8140,21038,77000,240,1,0,1,0,0,0,2,29178,2.6389745698814173,0
46047,8078,465000,360,1,0,1,2,1,0,0,54125,8.591224018475751,0
56120,22447,140000,240,1,1,0,0,1,1,0,78567,1.781918617231153,1
16817,2285,182000,120,1,1,1,0,1,0,0,19102,9.527798136320804,0
9064,5223,152000,120,1,0,0,0,1,1,1,14287,10.639042486176244,1
28845,13521,434000,180,1,1,0,3,1,0,1,42366,10.244063635934475,0
76359,14889,386000,180,1,0,1,1,1,1,1,91248,4.230229703664738,1
75538,6971,131000,360,1,0,0,0,1,0,0,82509,1.5877055836333005,1
53893,19909,270000,240,0,0,0,0,1,0,2,73802,3.6584374407197635,1
67581,11531,350000,120,1,1,0,0,1,0,1,79112,4.424107594296693,1
30930,14721,220000,180,1,1,1,1,1,1,0,45651,4.81917154060152,1
77032,19206,246000,360,0,1,1,0,1,0,1,96238,2.5561628462769383,0
29288,4943,80000,120,1,0,1,1,0,0,1,34231,2.337062896205194,0
50043,6530,321000,180,0,1,0,1,1,0,0,56573,5.674084810775458,0
15419,11116,110000,120,1,1,1,2,0,0,0,26535,4.145468249481817,0
70846,258,412000,360,1,1,1,1,1,0,0,71104,5.794329432943294,1
41474,282,117000,360,1,1,1,1,1,0,2,41756,2.8019925280199254,1
17871,13937,223000,120,1,0,1,0,1,0,1,31808,7.010814889336016,1
46584,1898,133000,240,1,1,1,2,1,1,0,48482,2.7432861680623737,1
31129,4135,300000,120,1,1,1,2,1,0,0,35264,8.507259528130671,0
52684,6629,125000,180,1,1,1,0,1,0,1,59313,2.107463793772023,1
63416,11168,452000,240,0,0,0,3,0,0,1,74584,6.060281025421002,0
75472,19584,408000,180,1,1,1,0,1,0,1,95056,4.292206699208887,1
63687,21494,227000,120,1,0,0,0,1,0,2,85181,2.664913537056386,1
14484,23551,30000,240,1,0,1,0,1,0,1,38035,0.7887472065203103,1
34539,612,436000,180,1,1,1,3,0,0,1,35151,12.403630053199056,0
60106,14203,407000,120,0,1,0,1,1,0,0,74309,5.47712928447429,0
12116,17071,196000,120,1,0,0,2,1,0,2,29187,6.715318463699592,1
51572,20074,155000,240,1,1,1,0,1,0,0,71646,2.1634145660609105,1
26074,2307,342000,120,1,1,0,1,0,1,0,28381,12.05031535181988,0
4930,7133,110000,360,1,1,0,0,1,0,1,12063,9.118793003398823,0
14176,11205,447000,180,0,1,0,2,1,0,0,25381,17.611599227768803,0
12316,22893,280000,180,1,0,1,0,1,0,0,35209,7.952512141781931,0
34233,5906,198000,120,1,0,1,0,1,0,1,40139,4.932858317347218,1
3550,2591,102000,120,0,0,0,0,0,0,0,6141,16.609672691744017,0
35433,15149,170000,360,0,1,0,2,1,0,0,50582,3.360879364200704,0
26451,12150,99000,240,1,1,1,1,1,0,1,38601,2.5647003963627886,1
33913,7183,291000,120,1,1,0,1,0,1,1,41096,7.080981117383687,0
36301,21632,369000,120,1,1,1,1,0,0,0,57933,6.369426751592357,0
57119,10102,337000,120,1,0,1,3,1,0,2,67221,5.013314291664807,1
34413,21492,274000,120,0,1,1,2,1,0,0,55905,4.901171630444504,0
42100,19988,32000,180,1,0,0,2,0,0,1,62088,0.5153975003221234,0
59275,17053,366000,120,1,1,1,0,1,0,0,76328,4.795094853788911,1
36900,20748,92000,180,1,1,0,0,0,0,1,57648,1.5958923119622537,0
5994,23713,78000,120,1,1,1,3,0,0,0,29707,2.6256437876594743,0
76191,1283,105000,240,1,1,0,1,1,0,0,77474,1.355293388749774,1
44501,923,397000,360,1,1,0,0,0,0,0,45424,8.739873194786897,0
68864,1125,204000,240,1,0,0,1,1,0,1,69989,2.914743745445713,0
46528,1529,138000,120,1,0,0,3,1,0,1,48057,2.8715899868905677,0
39073,8438,212000,120,1,0,1,0,1,0,0,47511,4.462124560628065,1
2306,20095,221000,120,1,0,1,1,0,1,2,22401,9.865630998616133,0
58138,16154,94000,240,1,1,1,2,1,1,0,74292,1.265277553437786,1
31257,8004,366000,120,1,1,1,1,1,0,1,39261,9.322228165354932,1
36136,9752,480000,240,1,1,0,0,0,0,0,45888,10.460251046025105,0
49780,22658,300000,180,1,0,1,3,1,1,1,72438,4.141472707694856,1
25762,10592,129000,360,1,1,1,3,1,0,1,36354,3.5484403366892225,1
63711,3864,61000,360,1,0,1,2,0,0,1,67575,0.9027007029226785,0
56342,24217,381000,240,1,1,1,1,1,0,0,80559,4.72945294752914,1
58479,23172,157000,180,0,0,1,0,0,0,0,81651,1.9228178466889567,0
39697,226,481000,240,1,0,0,3,0,1,1,39923,12.048192771084338,0
43344,15036,431000,180,1,1,1,0,1,0,0,58380,7.382665296334361,1
66254,11739,398000,120,0,1,1,2,1,0,0,77993,5.103022066082854,0
35657,16648,368000,180,1,1,0,3,1,0,0,52305,7.035656247012714,1
78629,9587,72000,180,1,1,0,1,1,0,0,88216,0.8161784710256643,1
41542,11749,401000,180,1,1,1,2,1,0,0,53291,7.524722748681766,1
63165,645,448000,360,0,0,0,2,0,0,2,63810,7.020843128036358,0
28876,16299,107000,180,1,1,1,0,1,0,1,45175,2.3685666851134477,1
57054,23928,343000,120,1,1,1,1,1,0,1,80982,4.2355091254846755,1
15699,21953,318000,120,1,0,1,0,1,0,0,37652,8.445766493147774,0
52448,19374,299000,120,0,1,1,1,1,1,1,71822,4.163069811478377,0
75281,13675,191000,180,1,1,0,0,1,0,1,88956,2.1471289176671613,1
74250,18888,218000,240,1,1,1,1,1,0,1,93138,2.340612854044536,1
67762,10964,276000,240,1,0,1,2,1,1,0,78726,3.5058303482966235,1
48100,16087,417000,120,1,1,0,3,1,0,2,64187,6.496642622337856,1
78398,13537,245000,360,1,0,1,0,0,0,1,91935,2.664926306629684,0
63983,13269,344000,240,1,1,1,1,0,0,2,77252,4.452959146688759,0
19797,9346,442000,180,0,1,0,1,1,1,0,29143,15.16659232062588,0
31948,587,368000,240,1,1,1,3,1,1,0,32535,11.310895958198863,0
27672,12763,419000,120,1,1,0,1,1,1,0,40435,10.362309880054408,0
44374,9177,406000,360,1,1,1,1,1,0,1,53551,7.581557767361954,1
9157,4079,462000,240,1,1,0,3,1,0,0,13236,34.904805077062555,0
26925,3348,197000,240,1,1,1,0,1,0,2,30273,6.507448881841905,0
28185,22683,368000,120,1,1,0,3,0,0,2,50868,7.234410631438232,0
26078,20215,222000,360,1,1,1,3,1,0,1,46293,4.79554144255071,1
30331,24765,482000,360,1,0,0,3,0,0,1,55096,8.748366487585306,1
9406,18099,312000,120,1,1,1,0,1,0,1,27505,11.34339211052536,0
62913,10785,365000,180,0,1,1,1,1,0,1,73698,4.952644576514967,0
55528,12328,419000,240,0,0,1,2,0,0,0,67856,6.174840839424664,0
8787,6450,42000,180,1,1,0,0,1,0,1,15237,2.756448119708604,0
35160,13230,269000,240,1,0,0,1,1,0,2,48390,5.558999793345732,0
77258,5433,349000,240,1,1,1,0,1,0,0,82691,4.220531859573593,1
62004,1098,475000,180,0,1,1,0,1,1,2,63102,7.5274951665557355,0
61220,7096,176000,120,1,0,0,1,1,0,0,68316,2.5762632472627205,1
36201,18710,233000,120,0,1,1,1,1,0,0,54911,4.243229953925443,0
19174,11439,109000,240,1,0,0,0,1,0,0,30613,3.5605788390553035,1
25374,9087,408000,120,0,1,0,1,1,0,0,34461,11.839470706015495,0
45142,16021,72000,240,0,1,0,1,1,0,2,61163,1.1771822834066348,1
66660,6416,487000,120,0,0,1,1,1,0,2,73076,6.664294706880508,0
19102,6980,118000,240,1,1,1,1,1,0,1,26082,4.524192929990032,1
27431,23147,177000,120,1,0,0,1,1,0,2,50578,3.4995452568310332,1
30692,18058,124000,360,1,1,0,1,1,0,0,48750,2.5435897435897434,0
48042,11101,481000,180,1,1,0,0,1,0,0,59143,8.132830597027544,0
44020,7950,457000,360,1,1,1,1,1,0,1,51970,8.793534731575908,0
66272,9122,180000,180,1,0,1,1,1,0,2,75394,2.3874578878955885,1
60262,12576,31000,180,1,1,1,1,1,0,0,72838,0.42560202092314453,1
51606,22433,405000,240,1,1,0,0,1,0,2,74039,5.470090087656505,1
27059,1089,51000,180,1,0,1,2,1,1,1,28148,1.811851641324428,1
35242,4578,400000,360,1,0,1,0,1,0,2,39820,10.045203415369162,0
71169,9127,342000,360,0,1,1,3,1,0,0,80296,4.259240809006675,0
23254,10487,357000,120,1,1,1,0,1,0,1,33741,10.58059927091669,0
5472,155,36000,360,1,1,0,3,1,0,1,5627,6.3977252532432916,0
72331,1958,235000,120,1,1,1,1,1,0,1,74289,3.1633216223128593,1
43373,10693,469000,180,0,1,1,1,1,0,0,54066,8.674582917175304,0
11403,6344,404000,360,1,0,1,0,0,0,2,17747,22.764410886346987,0
4520,5779,480000,180,1,1,1,0,1,0,2,10299,46.6064666472473,0
43255,22528,143000,360,1,0,1,0,1,0,0,65783,2.1738139032880834,1
47148,21447,301000,360,1,0,1,0,0,0,0,68595,4.38807493257526,0
11016,3830,112000,120,1,1,0,1,1,0,1,14846,7.544119628182676,0
3896,9046,208000,180,0,1,1,0,1,0,1,12942,16.07170452789368,0
20629,9794,239000,360,0,1,1,2,1,0,1,30423,7.855898497847024,0
3091,23043,493000,240,1,1,1,0,1,1,0,26134,18.864314685849852,0
12803,441,357000,180,1,0,0,3,1,0,1,13244,26.955602536997887,0
32061,22424,153000,180,1,1,1,1,1,1,1,54485,2.8081123244929795,0
73219,22309,142000,180,1,1,0,0,0,0,0,95528,1.486475169583787,1
8814,14478,41000,120,1,1,1,1,1,0,1,23292,1.7602610338313585,0
21123,23742,155000,240,1,1,0,0,1,0,0,44865,3.4548088710576175,1
69175,4628,82000,180,0,1,1,0,1,1,0,73803,1.1110659458287604,0
66582,6370,360000,360,0,1,0,1,0,0,1,72952,4.934751617501919,0
34630,9528,418000,360,1,1,1,1,0,1,2,44158,9.466008424294579,1
53256,17332,312000,120,1,1,1,3,0,0,0,70588,4.420014733382445,0
27792,11565,169000,360,1,0,0,1,1,0,0,39357,4.294026475595193,1
70774,8179,430000,180,1,0,1,3,1,0,0,78953,5.446278165490861,1
3969,16013,419000,360,1,1,0,3,1,0,0,19982,20.968871984786308,0
55447,22499,126000,180,1,1,1,2,1,1,1,77946,1.6165037333538603,1
24034,16843,34000,360,0,1,0,1,0,0,1,40877,0.8317635834332265,1
65120,23952,86000,240,1,1,0,0,0,0,0,89072,0.9655110472426801,0
50374,21030,441000,120,1,1,0,0,1,0,2,71404,6.176124586857879,1
51208,392,363000,120,1,1,0,1,1,0,0,51600,7.034883720930233,1
76053,12130,98000,240,1,1,0,1,1,0,2,88183,1.111325312134992,1
69844,18171,147000,240,1,1,0,0,0,1,2,88015,1.6701698574106687,0
50638,23758,405000,120,1,1,1,1,1,0,1,74396,5.443841066724017,1
55802,10449,88000,240,1,1,1,0,1,0,0,66251,1.3282818372552867,1
49138,17522,62000,180,1,0,0,2,1,1,1,66660,0.9300930093009301,1
79749,21125,347000,360,1,1,0,0,1,0,1,100874,3.4399349683763902,1
4219,7418,79000,120,0,1,0,1,0,1,2,11637,6.788691243447624,0
24390,22746,397000,240,1,1,0,2,1,0,1,47136,8.422437202987101,0
78736,2454,48000,180,1,0,0,0,1,0,1,81190,0.591205813523833,1
38009,20058,243000,120,1,0,1,1,1,0,2,58067,4.184820982657964,1
44034,17761,226000,240,1,0,1,2,1,1,2,61795,3.657253823124848,1
20287,15223,408000,120,1,1,1,0,1,1,1,35510,11.489721205294284,0
50345,6701,479000,240,0,1,1,0,1,0,2,57046,8.39673246152228,0
59432,2597,76000,120,0,0,1,0,1,0,1,62029,1.2252333585903368,0
34562,141,196000,180,1,1,0,1,0,1,1,34703,5.647926692216811,1
77213,2659,481000,180,1,1,0,1,1,0,1,79872,6.022135416666667,1
61961,20980,318000,360,1,0,1,0,1,0,1,82941,3.834050710746193,1
76918,9031,170000,120,1,1,1,1,1,0,0,85949,1.9779171369067703,0
68172,15037,113000,360,1,1,1,0,1,0,1,83209,1.3580261750531792,1
36332,13970,211000,120,1,1,1,2,1,0,1,50302,4.194664228062503,1
33466,5661,420000,240,1,1,1,0,0,0,0,39127,10.734275564188412,0
74045,6142,108000,240,1,1,1,2,1,0,0,80187,1.3468517340716075,1
14487,12109,244000,360,1,0,1,1,1,0,1,26596,9.174311926605505,0
38811,22010,43000,120,0,0,1,2,1,0,1,60821,0.706992650564772,0
33075,8787,244000,360,1,1,0,1,1,0,0,41862,5.8286751707992925,1
65352,10096,432000,180,1,0,1,1,1,0,2,75448,5.72579790054077,0
2507,8472,157000,360,1,1,1,0,1,1,2,10979,14.300027324892978,0
72481,16807,339000,360,1,1,1,2,1,1,1,89288,3.796702804408207,1
77742,23383,277000,240,1,0,1,1,1,1,0,101125,2.7391841779975277,1
49017,4249,433000,360,1,0,0,1,1,0,2,53266,8.129012878759434,0
30757,14949,58000,120,0,1,0,1,1,0,2,45706,1.2689800026254758,0
43707,1750,309000,240,1,0,1,2,1,0,0,45457,6.797632927821898,1
14781,21141,367000,360,1,0,0,1,1,0,0,35922,10.21658036857636,1
62746,18351,348000,180,1,0,1,0,1,0,1,81097,4.291157502743628,1
2935,4088,231000,360,1,1,0,1,0,1,1,7023,32.89192652712516,0
28160,20562,390000,360,1,0,1,1,1,0,0,48722,8.004597512417389,0
6584,24173,86000,360,0,0,1,3,1,1,1,30757,2.7961114543030856,0
15007,15282,421000,240,1,0,0,2,1,1,1,30289,13.899435438608075,0
74095,19330,247000,120,1,1,0,1,0,0,2,93425,2.6438319507626438,0
47039,9641,91000,180,1,1,0,0,0,0,1,56680,1.6055045871559632,0
8991,21778,186000,360,1,1,1,2,1,0,1,30769,6.045045337840034,1
51692,24264,231000,120,0,1,1,1,1,0,2,75956,3.0412343988624992,0
65388,5075,46000,120,0,0,0,3,0,0,0,70463,0.6528248868200333,0
75109,10412,351000,240,1,1,1,0,1,0,0,85521,4.104255095239766,1
10577,15686,35000,180,1,1,1,0,1,0,1,26263,1.3326733427255073,1
22453,7230,87000,240,1,0,1,0,0,0,0,29683,2.930970589226156,0
78419,15432,354000,120,1,1,1,1,1,0,2,93851,3.7719363672203814,0
69389,11002,441000,120,0,1,1,3,1,0,0,80391,5.485688696495877,0
25321,13947,347000,120,1,1,1,0,0,0,0,39268,8.836711826423551,0
39067,13686,198000,240,1,1,1,2,1,0,2,52753,3.7533410422156086,1
26360,17915,482000,180,1,1,0,1,1,0,1,44275,10.886504799548279,0
22695,13074,111000,360,0,0,1,2,1,0,1,35769,3.103245827392435,1
78975,19374,497000,240,1,1,1,0,1,0,0,98349,5.0534321650448915,1
22927,23539,454000,120,1,1,1,2,1,0,0,46466,9.770584943829897,1
28583,4493,462000,240,1,1,0,0,1,0,2,33076,13.96783166041843,0
58872,17317,248000,120,0,1,1,2,1,0,0,76189,3.2550630668469203,0
45564,1460,206000,360,1,1,0,0,0,0,1,47024,4.380741748894182,0
9313,14140,233000,360,1,1,1,1,1,0,0,23453,9.934763143307892,0
33098,19107,100000,180,1,1,0,2,0,0,0,52205,1.9155253328225266,0
28582,10704,416000,120,1,0,1,0,0,0,1,39286,10.589013898080742,1
30741,16669,295000,180,1,1,1,0,1,0,2,47410,6.2223159670955495,1
46069,16648,127000,180,0,1,0,1,1,0,1,62717,2.024969306567597,0
13245,6816,374000,360,1,0,0,1,0,0,1,20061,18.643138427795225,0
27529,11639,320000,240,1,1,1,1,1,0,1,39168,8.169934640522875,0
14525,14424,237000,240,1,1,1,0,1,0,1,28949,8.186811288818266,0
15788,13965,31000,180,1,1,1,0,1,0,1,29753,1.041911739992606,1
8040,18146,153000,360,0,1,0,1,0,0,0,26186,5.842816772321088,0
70378,11240,309000,120,1,1,1,0,1,1,0,81618,3.7859295743585974,1
43346,40,103000,240,1,1,1,3,1,1,2,43386,2.374037708016411,1
77432,5827,195000,180,1,1,1,0,1,0,0,83259,2.3420891435160165,1
18982,8259,51000,240,1,1,0,1,0,1,0,27241,1.872177967034984,0
24911,17371,183000,240,1,1,0,0,1,1,1,42282,4.328082872144175,0
52475,14849,456000,120,1,1,0,0,1,0,1,67324,6.773216089358921,1
62045,16232,468000,360,1,0,1,1,1,0,1,78277,5.978767709544311,1
53807,7804,324000,120,1,0,0,1,1,0,0,61611,5.258801188099528,1
4593,24173,248000,360,1,0,0,0,1,0,2,28766,8.621289021761802,0
78758,22101,186000,240,1,1,0,0,1,0,1,100859,1.8441586769648717,1
23542,19582,259000,180,0,1,1,0,1,0,2,43124,6.005936369539004,0
54430,5374,49000,120,1,1,1,2,0,0,0,59804,0.8193431877466391,0
45913,21174,70000,360,1,1,0,1,1,0,0,67087,1.0434212291502079,1
35256,23567,467000,240,1,1,1,0,1,0,0,58823,7.9390714516430645,1
54768,2524,177000,360,1,0,1,1,0,0,0,57292,3.089436570550862,0
40714,9277,137000,360,1,1,0,2,1,0,0,49991,2.7404932887919826,0
30102,18863,432000,360,1,1,0,2,1,0,0,48965,8.822628408046564,1
54831,9885,113000,240,1,0,0,3,0,0,1,64716,1.7460906112862353,1
50401,21538,396000,180,0,1,0,0,1,0,1,71939,5.504663673389955,0
64916,778,351000,180,1,1,1,0,1,0,1,65694,5.342953694401316,1
33696,1492,443000,180,1,1,1,0,1,0,0,35188,12.589519154257133,0
7126,17044,338000,360,1,1,1,2,1,0,1,24170,13.984278030616467,1
8924,17732,319000,240,1,1,1,3,1,0,0,26656,11.967286914765907,0
14357,13615,435000,360,1,1,1,1,1,0,1,27972,15.551265551265551,0
21482,12132,352000,180,1,1,1,0,1,0,1,33614,10.471827214850954,0
78461,10178,163000,180,1,0,1,1,1,0,1,88639,1.838919662902334,1
3480,7851,236000,240,0,0,0,0,1,0,2,11331,20.827817491836555,0
49790,16288,312000,360,1,0,0,0,0,0,2,66078,4.721692545173886,0
27931,7156,295000,120,1,0,0,1,0,1,1,35087,8.407672357283325,0
27885,2044,102000,120,0,1,0,0,1,0,2,29929,3.408065755621638,0
39658,7368,381000,180,1,1,0,0,0,0,1,47026,8.10190107600051,0
24519,19900,77000,240,1,1,0,1,1,0,2,44419,1.7334924244129764,1
20139,13635,355000,360,0,1,0,0,1,1,1,33774,10.51104399834192,0
23063,9168,262000,360,1,0,0,0,1,0,1,32231,8.12882008004716,0
40841,20961,472000,180,0,0,0,0,1,0,1,61802,7.63729329147924,0
7276,17111,129000,180,1,1,0,2,0,0,0,24387,5.289703530569565,0
37944,11328,88000,360,1,1,1,2,1,0,1,49272,1.7860042214645235,1
70416,13319,287000,360,0,1,1,0,1,0,2,83735,3.4274795485758642,0
10211,23852,442000,180,1,0,1,1,1,0,1,34063,12.97595631623756,0
75818,342,481000,360,1,1,1,0,1,0,0,76160,6.315651260504202,1
32207,1447,94000,120,1,0,1,1,0,0,0,33654,2.7931300885481667,0
40610,6581,112000,180,0,0,1,2,0,0,2,47191,2.373333898412833,0
63288,11851,183000,360,0,0,1,2,1,0,2,75139,2.435486232183021,0
40327,6317,295000,180,1,0,1,1,1,0,0,46644,6.324500471657663,1
7155,16910,338000,240,1,0,0,3,1,0,2,24065,14.045293995429047,0
46359,10088,108000,180,0,1,1,3,1,0,2,56447,1.9132992010204262,1
55125,12946,344000,180,1,1,0,2,1,0,0,68071,5.053547031775646,1
53598,23132,179000,240,1,1,0,1,1,1,2,76730,2.332855467222729,1
16751,16789,464000,120,1,1,1,0,0,0,0,33540,13.83422778771616,0
2026,14567,77000,360,1,0,0,0,1,0,1,16593,4.640511058880251,0
70260,14868,434000,240,1,1,1,0,0,1,1,85128,5.098205055915797,0
49337,24370,408000,180,1,0,1,0,1,0,1,73707,5.535430827465506,1
13036,9765,277000,360,1,1,1,2,1,1,1,22801,12.148589974123942,0
30041,20124,307000,240,0,1,1,1,0,0,1,50165,6.1198046446725805,0
